-- phpMyAdmin SQL Dump
-- version 5.2.1
-- https://www.phpmyadmin.net/
--
-- Servidor: localhost:3306
-- Tiempo de generación: 17-10-2023 a las 11:55:12
-- Versión del servidor: 10.5.20-MariaDB
-- Versión de PHP: 7.3.33

SET SQL_MODE = "NO_AUTO_VALUE_ON_ZERO";
START TRANSACTION;
SET time_zone = "+00:00";


/*!40101 SET @OLD_CHARACTER_SET_CLIENT=@@CHARACTER_SET_CLIENT */;
/*!40101 SET @OLD_CHARACTER_SET_RESULTS=@@CHARACTER_SET_RESULTS */;
/*!40101 SET @OLD_COLLATION_CONNECTION=@@COLLATION_CONNECTION */;
/*!40101 SET NAMES utf8mb4 */;

--
-- Base de datos: `id21379088_reta`
--

-- --------------------------------------------------------

--
-- Estructura de tabla para la tabla `contactos`
--

CREATE TABLE `contactos` (
  `instit_id` int(11) DEFAULT NULL,
  `telefono` varchar(50) DEFAULT NULL,
  `web` varchar(500) DEFAULT NULL,
  `mail` varchar(50) DEFAULT NULL
) ENGINE=InnoDB DEFAULT CHARSET=utf8mb4 COLLATE=utf8mb4_general_ci;

--
-- Volcado de datos para la tabla `contactos`
--

INSERT INTO `contactos` (`instit_id`, `telefono`, `web`, `mail`) VALUES
(9, '1146113760', '', 'det_6_de12@bue.edu.ar'),
(60, '1143629964', 'www.huergo.edu.ar', 'estela@huergo.edu.ar'),
(62, '1143315249', 'www.ottokrause.edu.ar', 'det_1_de4@bue.edu.ar'),
(91, '1149311947', 'http://et26.buenosaires.edu.ar', 'det_et26_de6@bue.edu.ar'),
(141, '1143021679', '', 'det_10_de5@bue.edu.ar'),
(446, '2225421567', '', 'mschellak@yahoo.com.ar'),
(525, '2266430627', '', 'escueladeartebalcarce@abc.gob.ar'),
(583, '2314406510', '', 'agraria1hipolitoyrigoyen@abc.gob.ar'),
(596, '2241481966', '', 'agraria1generalpaz@abc.gob.ar'),
(983, '249442633', '', 'tecnica2.senillosa@gmail.com'),
(996, '114768-2115', 'https://etusiemens.inspt.utn.edu.ar/', 'escuelatecnologicasiemens@gmail.com'),
(1376, '', '', ''),
(1377, '', '', ''),
(1383, '3834239780', 'www.institutosanmartin.edu.ar', 'info@institutosanmartin.edu.ar'),
(1483, '3534533695', 'www.bellasartesvm.com.ar  / BLOG: bellasartesvillamaria.blogspot.com.ar', 'bellasartes.direccion@gmail.com'),
(1495, '3583423211', '', 'ipetaym65vm@gmail.com'),
(1510, '3572456689', 'www.ipem54.elguey.com', 'EE0310407@me.cba.gov.ar'),
(1513, '3525442114', 'www.istoledo.cba.infd.edu.ar', 'zmdetoledo@yahoo.com.ar'),
(1525, '3,54416E+11', 'FACEBOOK: I.P.E.A.DR Sabatini', 'ipea_230@hotmail.com.ar'),
(1531, '3518802617', 'www.etchegoyenedu.com.ar', 'direccion@institutoetchegoyen.com'),
(1872, '', 'www.agrotecnicaderamadapaso.blogspot.com.ar', '1800303-00@secundaria.mec.gob.ar'),
(1881, '', '', 'colros1@hotmail.com'),
(1886, '377751-9627', '', '1800-674@secundaria.mec.gob.ar'),
(1903, '3773510234', '', 'direccionagrotecnica@gmail.com'),
(1981, '3644428627', '', 'uep37poli@gmail.com'),
(1991, '(0362) 4488602', '', 'eetnro33@gmail.com'),
(1999, '3735430808', 'http://insvillaangela.cha.infd.edu.ar/sitio/', 'institutovillaangela@yahoo.com.ar'),
(2007, '3731461033', '', 'eet5chaco@gmail.com'),
(2131, '3454011860', 'https://itsconcordia-ers.infd.edu.ar/sitio/', 'institeconcordia@hotmail.com'),
(2136, '3454910815', '', 'meyer.45@hotmail.com'),
(2154, '', 'eeat9.gy@entrerios.edu.ar', 'agrotecnica9@yahoo.com.ar'),
(2156, '3444423416', 'www.assigualeguay.com.ar', 'analistasgualeguay@hotmail.com'),
(2581, '3704480367', 'www.epet4.com.ar', 'mcye.epet4@hotmail.com'),
(2599, '', '', 'mcye.epet5@formosa.gob.ar'),
(2639, '', '', 'ispaf_formosa@hotmail.com'),
(2657, '', '', 'mcye.epesagrotecnica3@formosa.gob.ar'),
(2660, '3704070068', '', 'epetp10@gmail.com'),
(2707, '3884231619', 'virtual.eet1escolasticozegada.edu.ar', 'eet1.escolasticozegada.jujuy@gmail.com'),
(2714, '3885402075', '', 'escuelatecnicalaquiaca@gmail.com'),
(2715, '3886422209', 'ifdc10juj.infd.edu.ar', 'iesdiez10@gmail.com'),
(2721, '3886427499', '', 'agrotec4@gmail.com'),
(2790, '2954422645', 'epetn1lapampasr.simplesite.com', 'epet1@lapampa.edu.ar'),
(2800, '2952416700', '', 'agrotecnica.generalacha@lapmpa.edu.ar'),
(2874, 'NULL', '', 'ciudad_educativa@yahoo.com.ar'),
(2893, '3804468436', '', 'efl383@hotmail.com'),
(2910, '3,82615E+11', '', 'eta.chamical.1992@gmail.com'),
(2959, '3826434023', '', 'escuela339hiladosytejidos@gmail.com'),
(3047, '2604471509', 'ies9018malargue.edu.ar', 'ies9malargue@gmail.com'),
(3055, '2614951120', 'www.donbosco.edu.ar', 'rodeorecepcion@donbosco.org.ar'),
(3077, '2614296559', 'www.ens9002.mza.infd.edu.ar', 'normal9002@mendoza.edu.ar'),
(3078, '2614320744', '', 'dge4121@mendoza.edu.ar'),
(3225, '3,75516E+11', '', 'efasantarita1701@yahoo.com.ar'),
(3234, '', '', 'formacionprofesionalpuertorico@yahoo.com.ar'),
(3241, '3757420653', 'www.epet4iguazu.edu.ar', 'secretaria.epet4@gmail.com'),
(3356, 'NULL', 'www.isicollegue.edu.ae', 'isicollegue@edu.ar'),
(3357, '2994426560', 'www.colegioitc.com.ar', 'secretaria@colegioitc.com.ar'),
(3358, '2994933653', 'www.epet9plottier.com.ar', 'epet009@neuquen.gov.ar'),
(3360, '2942421778', '', 'talleresdonbosco@neuquen.gov.ar'),
(3467, '2942400405', 'facebook.com/LaAgroAlucine', 'escuelasagradafamilia@neuquen.gov.ar'),
(3477, '29844422384', 'generalrocacet3.blogspot.com', 'cet3.generalroca@gmail.com'),
(3515, '', 'www.itsjacobacci.com.ar', 'its6jacobacci@gmail.com'),
(3647, '', 'soberania nacional practicas agricolas (face)', ''),
(3655, '3,87815E+11', 'mabel.cueto@hotmail.com', 'agrotecnicarivadavia3160@gmail.com'),
(3712, '', '', 'eet3149merafigueroa@hotmail.com'),
(3717, '', 'www.sanjuanedu.com.ar', 'esc.agrocorneliosaavedra@gmail.com'),
(3718, '2644941062', '', 'eas_sarmiento@hotmail.com'),
(3739, '2644211120', '', 'colegiosanjosesj@gmail.com'),
(3742, '2646420195', '', 'agrotecnicavallefertil@gmail.com'),
(3847, '2644214645', 'www.eidfs.unsj.edu.ar', 'eidfs@eidfs.unsj.edu.ar'),
(3853, '2657423326', '', 'et20sanluis@gmail.com'),
(3877, '2664660983', '', 'pablocampoy1@gmail.com'),
(3887, '2657549004', 'sites.google.com/view/centroeducativon22fraga', 'ce22fraga@gmail.com'),
(3899, '2974854058', '', 'escueladebiologiamarina@yahoo.com.ar'),
(3903, '2966427707', 'industrial4.cable10.com', 'indu4rg@gmail.com'),
(3912, '2974975158', '', 'escuelaindustrial7lh@gmail.com'),
(3956, '3382429285', 'www.tecnica286.com', 'sec286_rufino@santafe.edu.ar'),
(3977, '3424835279', 'www.instituto12.com', 'superior12_santafe@santafe.edu.ar '),
(4002, '3462492049', '', 'tnf682_maggiolo@santafe.gob.ar'),
(4046, '3492422132', 'www.eet460rafaela.edu.ar', 'sec460_rafaela@santafe.edu.ar'),
(4058, '0341472 1495', 'www.iset53.edu.ar', 'iset53@gmail.com'),
(4217, '3414921829', 'sec680_villagdorgalvez@santafe.edu.ar', 'sec680_villagdorgalvez@santafe.edu.ar'),
(4438, '', '', 'colegioagrotecnicoquimili@hotmail.com'),
(4445, '3854474967', '', 'agrotecnicafrías@outlook.com'),
(4450, '3844421059', '', 'victorjuarez013@gmail.com'),
(4469, '(0385)15-5026733', 'no posee', 'mariodo29@hotmail.com'),
(4580, '', '', 'enet1_aguilares@yahoo.com.ar'),
(4587, '3892421431', 'agroamaicha.16mb.com', 'agrotecnicaamaicha@yahoo.com.ar'),
(4593, '3863428811', '', 'tecnicademonteros@yahoo.com.ar'),
(4605, '381411323', '', 'agrotecnico20dejunio@yahoo.com.ar'),
(4615, '3815195238', '', 'agrotecnicolacandelariaf69@gmail.com'),
(4620, '3865426753', '', 'escinmconcepcion.seise@yahoo.com'),
(4716, '', 'www.cent11.edu.ar', 'secretariaadmcent11@gmail.com'),
(4718, '2964422923', 'www.epetrg.edu.ar', 'cpetifcreiss@tdf.edu.ar'),
(4720, '2964446166', '', 'easrgtdf@gmail.com');

-- --------------------------------------------------------

--
-- Estructura de tabla para la tabla `departamentos`
--

CREATE TABLE `departamentos` (
  `Id` int(11) NOT NULL,
  `Jurisdiccion_Id` int(11) DEFAULT NULL,
  `Descripcion` varchar(50) DEFAULT NULL
) ENGINE=InnoDB DEFAULT CHARSET=utf8mb4 COLLATE=utf8mb4_general_ci;

--
-- Volcado de datos para la tabla `departamentos`
--

INSERT INTO `departamentos` (`Id`, `Jurisdiccion_Id`, `Descripcion`) VALUES
(105, 10, '	Tinogasta	 '),
(112, 10, '	Valle Viejo	 '),
(14, 10, '	Ancasti	 '),
(21, 10, '	Andalgalá	 '),
(28, 10, '	Antofagasta de la Sierra	 '),
(35, 10, '	Belén	 '),
(42, 10, '	Capayán	 '),
(49, 10, '	Capital	 '),
(56, 10, '	El Alto	 '),
(63, 10, '	Fray Mamerto Esquiú	 '),
(7, 10, '	Ambato	 '),
(70, 10, '	La Paz	 '),
(77, 10, '	Paclín	 '),
(84, 10, '	Pomán	 '),
(91, 10, '	Santa María	 '),
(98, 10, '	Santa Rosa	 '),
(105, 14, '	Río Primero	 '),
(112, 14, '	Río Seco	 '),
(119, 14, '	Río Segundo	 '),
(126, 14, '	San Alberto	 '),
(133, 14, '	San Javier	 '),
(14, 14, '	Capital	 '),
(140, 14, '	San Justo	 '),
(147, 14, '	Santa María	 '),
(154, 14, '	Sobremonte	 '),
(161, 14, '	Tercero Arriba	 '),
(168, 14, '	Totoral	 '),
(175, 14, '	Tulumba	 '),
(182, 14, '	Unión	 '),
(21, 14, '	Colón	 '),
(28, 14, '	Cruz del Eje	 '),
(35, 14, '	General Roca	 '),
(42, 14, '	General San Martín	 '),
(49, 14, '	Ischilín	 '),
(56, 14, '	Juárez Celman	 '),
(63, 14, '	Marcos Juárez	 '),
(7, 14, '	Calamuchita	 '),
(70, 14, '	Minas	 '),
(77, 14, '	Pocho	 '),
(84, 14, '	Presidente Roque Sáenz Peña	 '),
(91, 14, '	Punilla	 '),
(98, 14, '	Río Cuarto	 '),
(105, 18, '	Mercedes	 '),
(112, 18, '	Monte Caseros	 '),
(119, 18, '	Paso de los Libres	 '),
(126, 18, '	Saladas	 '),
(133, 18, '	San Cosme	 '),
(14, 18, '	Berón de Astrada	 '),
(140, 18, '	San Luis del Palmar	 '),
(147, 18, '	San Martín	 '),
(154, 18, '	San Miguel	 '),
(161, 18, '	San Roque	 '),
(168, 18, '	Santo Tomé	 '),
(175, 18, '	Sauce	 '),
(21, 18, '	Capital	 '),
(28, 18, '	Concepción	 '),
(35, 18, '	Curuzú Cuatiá	 '),
(42, 18, '	Empedrado	 '),
(49, 18, '	Esquina	 '),
(56, 18, '	General Alvear	 '),
(63, 18, '	General Paz	 '),
(7, 18, '	Bella Vista	 '),
(70, 18, '	Goya	 '),
(77, 18, '	Itatí	 '),
(84, 18, '	Ituzaingó	 '),
(91, 18, '	Lavalle	 '),
(98, 18, '	Mburucuyá	 '),
(1, 2, '	Ciudad de Buenos Aires	 '),
(101, 2, '	Comuna N° 1	 '),
(102, 2, '	Comuna N° 2	 '),
(103, 2, '	Comuna N° 3	 '),
(104, 2, '	Comuna N° 4	 '),
(105, 2, '	Comuna N° 5	 '),
(106, 2, '	Comuna N° 6	 '),
(107, 2, '	Comuna N° 7	 '),
(108, 2, '	Comuna N° 8	 '),
(109, 2, '	Comuna N° 9	 '),
(110, 2, '	Comuna N° 10	 '),
(111, 2, '	Comuna N° 11	 '),
(112, 2, '	Comuna N° 12	 '),
(113, 2, '	Comuna N° 13	 '),
(114, 2, '	Comuna N° 14	 '),
(115, 2, '	Comuna N° 15	 '),
(105, 22, '	Nueve de Julio	 '),
(112, 22, '	O´higgins	 '),
(119, 22, '	Presidencia de la Plaza	 '),
(126, 22, '	Primero de Mayo	 '),
(133, 22, '	Quitilipi	 '),
(14, 22, '	Bermejo	 '),
(140, 22, '	San Fernando	 '),
(147, 22, '	San Lorenzo	 '),
(154, 22, '	Sargento Cabral	 '),
(161, 22, '	Tapenagá	 '),
(168, 22, '	Veinticinco de Mayo	 '),
(21, 22, '	Comandante Fernández	 '),
(28, 22, '	Chacabuco	 '),
(36, 22, '	Doce de Octubre	 '),
(39, 22, '	Dos de Abril	 '),
(43, 22, '	Fray Justo Santa María de Oro	 '),
(49, 22, '	General Belgrano	 '),
(56, 22, '	General Donovan	 '),
(63, 22, '	General Güemes	 '),
(7, 22, '	Almirante Brown	 '),
(70, 22, '	Independencia	 '),
(77, 22, '	Libertad	 '),
(84, 22, '	Libertador General de San Martín	 '),
(91, 22, '	Maipú	 '),
(98, 22, '	Mayor Jorge Luis Fontana	 '),
(105, 26, '	Telsen	 '),
(14, 26, '	Cushamen	 '),
(21, 26, '	Escalante	 '),
(28, 26, '	Florentino Ameghino	 '),
(35, 26, '	Futaleufú	 '),
(42, 26, '	Gaimán	 '),
(49, 26, '	Gastre	 '),
(56, 26, '	Languiñeo	 '),
(63, 26, '	Mártires	 '),
(7, 26, '	Biedma	 '),
(70, 26, '	Paso de los Indios	 '),
(77, 26, '	Rawson	 '),
(84, 26, '	Río Senguer	 '),
(91, 26, '	Sarmiento	 '),
(98, 26, '	Tehuelches	 '),
(105, 30, '	Victoria	 '),
(113, 30, '	Villaguay	 '),
(15, 30, '	Concordia	 '),
(21, 30, '	Diamante	 '),
(28, 30, '	Federación	 '),
(35, 30, '	Federal	 '),
(42, 30, '	San José de Feliciano	 '),
(49, 30, '	Gualeguay	 '),
(56, 30, '	Gualeguaychú	 '),
(63, 30, '	Islas del Ibicuy	 '),
(70, 30, '	La Paz	 '),
(77, 30, '	Nogoyá	 '),
(8, 30, '	Colón	 '),
(84, 30, '	Paraná	 '),
(88, 30, '	San Salvador	 '),
(91, 30, '	Tala	 '),
(98, 30, '	Uruguay	 '),
(14, 34, '	Formosa	 '),
(21, 34, '	Laishi	 '),
(28, 34, '	Matacos	 '),
(35, 34, '	Patiño	 '),
(42, 34, '	Pilagás	 '),
(49, 34, '	Pilcomayo	 '),
(56, 34, '	Pirané	 '),
(63, 34, '	Ramón Lista	 '),
(7, 34, '	Bermejo	 '),
(105, 38, '	Valle Grande	 '),
(112, 38, '	Yavi	 '),
(14, 38, '	El Carmen	 '),
(21, 38, '	Dr. Manuel Belgrano	 '),
(28, 38, '	Humahuaca	 '),
(35, 38, '	Ledesma	 '),
(42, 38, '	Palpalá	 '),
(49, 38, '	Rinconada	 '),
(56, 38, '	San Antonio	 '),
(63, 38, '	San Pedro	 '),
(7, 38, '	Cochinoca	 '),
(70, 38, '	Santa Bárbara	 '),
(77, 38, '	Santa Catalina	 '),
(84, 38, '	Susques	 '),
(94, 38, '	Tilcara	 '),
(98, 38, '	Tumbaya	 '),
(105, 42, '	Maracó	 '),
(112, 42, '	Puelén	 '),
(119, 42, '	Quemú Quemú	 '),
(126, 42, '	Rancul	 '),
(133, 42, '	Realicó	 '),
(14, 42, '	Caleu Caleu	 '),
(140, 42, '	Toay	 '),
(147, 42, '	Trenel	 '),
(154, 42, '	Utracán	 '),
(21, 42, '	Capital	 '),
(28, 42, '	Catriló	 '),
(35, 42, '	Conhelo	 '),
(42, 42, '	Curacó	 '),
(49, 42, '	Chalileo	 '),
(56, 42, '	Chapaleufú	 '),
(63, 42, '	Chical Co	 '),
(7, 42, '	Atreucó	 '),
(70, 42, '	Guatraché	 '),
(77, 42, '	Hucal	 '),
(84, 42, '	Lihuel Calel	 '),
(91, 42, '	Limay Mahuida	 '),
(98, 42, '	Loventué	 '),
(105, 46, '	Independencia	 '),
(112, 46, '	Rosario Vera Peñaloza	 '),
(119, 46, '	San Blas de los Sauces	 '),
(126, 46, '	Sanagasta	 '),
(14, 46, '	Capital	 '),
(21, 46, '	Castro Barros	 '),
(28, 46, '	Coronel Felipe Varela	 '),
(35, 46, '	Chamical	 '),
(42, 46, '	Chilecito	 '),
(49, 46, '	Famatina	 '),
(56, 46, '	General Ángel Vicente Peñaloza	 '),
(63, 46, '	General Belgrano	 '),
(7, 46, '	Arauco	 '),
(70, 46, '	General Juan Facundo Quiroga	 '),
(77, 46, '	General Lamadrid	 '),
(84, 46, '	General Ocampo	 '),
(91, 46, '	General San Martín	 '),
(98, 46, '	Vinchina	 '),
(105, 50, '	San Rafael	 '),
(112, 50, '	Santa Rosa	 '),
(119, 50, '	Tunuyán	 '),
(126, 50, '	Tupungato	 '),
(14, 50, '	General Alvear	 '),
(21, 50, '	Godoy Cruz	 '),
(28, 50, '	Guaymallén	 '),
(35, 50, '	Junín	 '),
(42, 50, '	La Paz	 '),
(49, 50, '	Las Heras	 '),
(56, 50, '	Lavalle	 '),
(63, 50, '	Luján de Cuyo	 '),
(7, 50, '	Capital	 '),
(70, 50, '	Maipú	 '),
(77, 50, '	Malargüe	 '),
(84, 50, '	Rivadavia	 '),
(91, 50, '	San Carlos	 '),
(98, 50, '	San Martín	 '),
(105, 54, '	San Javier	 '),
(112, 54, '	San Pedro	 '),
(119, 54, '	Veinticinco de Mayo	 '),
(14, 54, '	Cainguás	 '),
(21, 54, '	Candelaria	 '),
(28, 54, '	Capital	 '),
(35, 54, '	Concepción	 '),
(42, 54, '	Eldorado	 '),
(49, 54, '	General Manuel Belgrano	 '),
(56, 54, '	Guaraní	 '),
(63, 54, '	Iguazú	 '),
(7, 54, '	Apóstoles	 '),
(70, 54, '	Leandro N. Alem	 '),
(77, 54, '	Libertador General San Martín	 '),
(84, 54, '	Montecarlo	 '),
(91, 54, '	Oberá	 '),
(98, 54, '	San Ignacio	 '),
(105, 58, '	Picunches	 '),
(112, 58, '	Zapala	 '),
(14, 58, '	Añelo	 '),
(21, 58, '	Catán Lil	 '),
(28, 58, '	Collón Cura	 '),
(35, 58, '	Confluencia	 '),
(42, 58, '	Chos Malal	 '),
(49, 58, '	Huiliches	 '),
(56, 58, '	Lácar	 '),
(63, 58, '	Loncopué	 '),
(7, 58, '	Aluminé	 '),
(70, 58, '	Los Lagos	 '),
(77, 58, '	Minas	 '),
(84, 58, '	Ñorquín	 '),
(91, 58, '	Pehuenches	 '),
(98, 58, '	Picún Leufú	 '),
(105, 6, '	Bolívar	 '),
(112, 6, '	Bragado	 '),
(119, 6, '	Brandsen	 '),
(126, 6, '	Campana	 '),
(134, 6, '	Cañuelas	 '),
(14, 6, '	Adolfo Gonzales Chaves	 '),
(140, 6, '	Capitán Sarmiento	 '),
(147, 6, '	Carlos Casares	 '),
(154, 6, '	Carlos Tejedor	 '),
(161, 6, '	Carmen de Areco	 '),
(168, 6, '	Castelli	 '),
(175, 6, '	Colón	 '),
(182, 6, '	Coronel Rosales	 '),
(189, 6, '	Coronel Dorrego	 '),
(196, 6, '	Coronel Pringles	 '),
(203, 6, '	Coronel Suárez	 '),
(21, 6, '	Alberti	 '),
(210, 6, '	Chacabuco	 '),
(218, 6, '	Chascomús	 '),
(224, 6, '	Chivilcoy	 '),
(231, 6, '	Daireaux	 '),
(238, 6, '	Dolores	 '),
(245, 6, '	Ensenada	 '),
(252, 6, '	Escobar	 '),
(260, 6, '	Esteban Echeverría	 '),
(266, 6, '	Exaltación de la Cruz	 '),
(270, 6, '	Ezeiza	 '),
(274, 6, '	Florencio Varela	 '),
(277, 6, '	Florentino Ameghino	 '),
(28, 6, '	Almirante Brown	 '),
(280, 6, '	General Alvarado	 '),
(287, 6, '	General Alvear	 '),
(294, 6, '	General Arenales	 '),
(301, 6, '	General Belgrano	 '),
(308, 6, '	General Guido	 '),
(315, 6, '	General Juan Madariaga	 '),
(322, 6, '	General La Madrid	 '),
(329, 6, '	General Las Heras	 '),
(336, 6, '	General Lavalle	 '),
(343, 6, '	General Paz	 '),
(35, 6, '	Avellaneda	 '),
(351, 6, '	General Pinto	 '),
(357, 6, '	General Pueyrredón	 '),
(364, 6, '	General Rodríguez	 '),
(371, 6, '	General San Martín	 '),
(385, 6, '	General Viamonte	 '),
(392, 6, '	General Villegas	 '),
(399, 6, '	Guaminí	 '),
(406, 6, '	Hipólito Yrigoyen	 '),
(408, 6, '	Hurlingham	 '),
(410, 6, '	Ituzaingó	 '),
(412, 6, '	José C. Paz	 '),
(413, 6, '	Junín	 '),
(42, 6, '	Ayacucho	 '),
(420, 6, '	La Costa	 '),
(427, 6, '	La Matanza	 '),
(434, 6, '	Lanús	 '),
(441, 6, '	La Plata	 '),
(448, 6, '	Laprida	 '),
(455, 6, '	Las Flores	 '),
(462, 6, '	Leandro N. Alem	 '),
(466, 6, '	Lezama	 '),
(469, 6, '	Lincoln	 '),
(476, 6, '	Lobería	 '),
(483, 6, '	Lobos	 '),
(49, 6, '	Azul	 '),
(490, 6, '	Lomas de Zamora	 '),
(497, 6, '	Luján	 '),
(505, 6, '	Magdalena	 '),
(511, 6, '	Maipú	 '),
(515, 6, '	Malvinas Argentinas	 '),
(518, 6, '	Mar Chiquita	 '),
(525, 6, '	Marcos Paz	 '),
(532, 6, '	Mercedes	 '),
(539, 6, '	Merlo	 '),
(547, 6, '	Monte	 '),
(553, 6, '	Monte Hermoso	 '),
(56, 6, '	Bahía Blanca	 '),
(560, 6, '	Moreno	 '),
(568, 6, '	Morón	 '),
(574, 6, '	Navarro	 '),
(581, 6, '	Necochea	 '),
(588, 6, '	Nueve de Julio	 '),
(595, 6, '	Olavarría	 '),
(602, 6, '	Patagones	 '),
(609, 6, '	Pehuajó	 '),
(616, 6, '	Pellegrini	 '),
(623, 6, '	Pergamino	 '),
(63, 6, '	Balcarce	 '),
(630, 6, '	Pila	 '),
(638, 6, '	Pilar	 '),
(644, 6, '	Pinamar	 '),
(648, 6, '	Presidente Perón	 '),
(651, 6, '	Puán	 '),
(655, 6, '	Punta Indio	 '),
(658, 6, '	Quilmes	 '),
(665, 6, '	Ramallo	 '),
(672, 6, '	Rauch	 '),
(679, 6, '	Rivadavia	 '),
(686, 6, '	Rojas	 '),
(693, 6, '	Roque Pérez	 '),
(7, 6, '	Adolfo Alsina	 '),
(70, 6, '	Baradero	 '),
(700, 6, '	Saavedra	 '),
(707, 6, '	Saladillo	 '),
(714, 6, '	Salto	 '),
(721, 6, '	Salliqueló	 '),
(728, 6, '	San Andrés de Giles	 '),
(735, 6, '	San Antonio de Areco	 '),
(742, 6, '	San Cayetano	 '),
(749, 6, '	San Fernando	 '),
(756, 6, '	San Isidro	 '),
(760, 6, '	San Miguel	 '),
(763, 6, '	San Nicolás de los Arroyos	 '),
(77, 6, '	Arrecifes	 '),
(770, 6, '	San Pedro	 '),
(778, 6, '	San Vicente	 '),
(784, 6, '	Suipacha	 '),
(791, 6, '	Tandil	 '),
(798, 6, '	Tapalqué	 '),
(805, 6, '	Tigre	 '),
(812, 6, '	Tordillo	 '),
(819, 6, '	Tornquist	 '),
(826, 6, '	Trenque Lauquen	 '),
(833, 6, '	Tres Arroyos	 '),
(84, 6, '	Benito Juárez	 '),
(840, 6, '	Tres de Febrero	 '),
(847, 6, '	Tres Lomas	 '),
(854, 6, '	Veinticinco de Mayo	 '),
(861, 6, '	Vicente López	 '),
(868, 6, '	Villa Gesell	 '),
(875, 6, '	Villarino	 '),
(882, 6, '	Zárate	 '),
(91, 6, '	Berazategui	 '),
(98, 6, '	Berisso	 '),
(14, 62, '	Avellaneda	 '),
(21, 62, '	Bariloche	 '),
(28, 62, '	Conesa	 '),
(35, 62, '	El Cuy	 '),
(42, 62, '	General Roca	 '),
(49, 62, '	Nueve de Julio	 '),
(56, 62, '	Ñorquincó	 '),
(63, 62, '	Pichi Mahuida	 '),
(7, 62, '	Adolfo Alsina	 '),
(70, 62, '	Pilcaniyeu	 '),
(77, 62, '	San Antonio	 '),
(84, 62, '	Valcheta	 '),
(91, 62, '	Veinticinco de Mayo	 '),
(105, 66, '	Los Andes	 '),
(112, 66, '	Metán	 '),
(119, 66, '	Molinos	 '),
(126, 66, '	Orán	 '),
(133, 66, '	Rivadavia	 '),
(14, 66, '	Cachi	 '),
(140, 66, '	Rosario de la Frontera	 '),
(147, 66, '	Rosario de Lerma	 '),
(154, 66, '	San Carlos	 '),
(161, 66, '	Santa Victoria	 '),
(21, 66, '	Cafayate	 '),
(28, 66, '	Capital	 '),
(35, 66, '	Cerrillos	 '),
(42, 66, '	Chicoana	 '),
(49, 66, '	General Güemes	 '),
(56, 66, '	General José de San Martín	 '),
(63, 66, '	Guachipas	 '),
(7, 66, '	Anta	 '),
(70, 66, '	Iruya	 '),
(77, 66, '	La Caldera	 '),
(84, 66, '	La Candelaria	 '),
(91, 66, '	La Poma	 '),
(98, 66, '	La Viña	 '),
(105, 70, '	Sarmiento	 '),
(112, 70, '	Ullum	 '),
(119, 70, '	Valle Fértil	 '),
(126, 70, '	25 de Mayo	 '),
(133, 70, '	Zonda	 '),
(14, 70, '	Angaco	 '),
(21, 70, '	Calingasta	 '),
(28, 70, '	Capital	 '),
(35, 70, '	Caucete	 '),
(42, 70, '	Chimbas	 '),
(49, 70, '	Iglesia	 '),
(56, 70, '	Jáchal	 '),
(63, 70, '	9 de Julio	 '),
(7, 70, '	Albardón	 '),
(70, 70, '	Pocito	 '),
(77, 70, '	Rawson	 '),
(84, 70, '	Rivadavia	 '),
(91, 70, '	San Martín	 '),
(98, 70, '	Santa Lucía	 '),
(14, 74, '	Belgrano	 '),
(21, 74, '	Coronel Pringles	 '),
(28, 74, '	Chacabuco	 '),
(35, 74, '	General Pedernera	 '),
(42, 74, '	Gobernador Dupuy	 '),
(49, 74, '	Junín	 '),
(56, 74, '	Juan Martín de Pueyrredón (Capital)	 '),
(63, 74, '	Libertador General San Martín	 '),
(7, 74, '	Ayacucho	 '),
(14, 78, '	Deseado	 '),
(21, 78, '	Güer Aike	 '),
(28, 78, '	Lago Argentino	 '),
(35, 78, '	Lago Buenos Aires	 '),
(42, 78, '	Magallanes	 '),
(49, 78, '	Río Chico	 '),
(7, 78, '	Corpen Aike	 '),
(105, 82, '	San Jerónimo	 '),
(112, 82, '	San Justo	 '),
(119, 82, '	San Lorenzo	 '),
(126, 82, '	San Martín	 '),
(133, 82, '	Vera	 '),
(14, 82, '	Caseros	 '),
(21, 82, '	Castellanos	 '),
(28, 82, '	Constitución	 '),
(35, 82, '	Garay	 '),
(42, 82, '	General López	 '),
(49, 82, '	General Obligado	 '),
(56, 82, '	Iriondo	 '),
(63, 82, '	La Capital	 '),
(7, 82, '	Belgrano	 '),
(70, 82, '	Las Colonias	 '),
(77, 82, '	Nueve de Julio	 '),
(84, 82, '	Rosario	 '),
(91, 82, '	San Cristóbal	 '),
(98, 82, '	San Javier	 '),
(105, 86, '	Loreto	 '),
(112, 86, '	Mitre	 '),
(119, 86, '	Moreno	 '),
(126, 86, '	Ojo de Agua	 '),
(133, 86, '	Pellegrini	 '),
(14, 86, '	Alberdi	 '),
(140, 86, '	Quebrachos	 '),
(147, 86, '	Río Hondo	 '),
(154, 86, '	Rivadavia	 '),
(161, 86, '	Robles	 '),
(168, 86, '	Salavina	 '),
(175, 86, '	San Martín	 '),
(182, 86, '	Sarmiento	 '),
(189, 86, '	Silipica	 '),
(21, 86, '	Atamisqui	 '),
(28, 86, '	Avellaneda	 '),
(35, 86, '	Banda	 '),
(42, 86, '	Belgrano	 '),
(49, 86, '	Capital	 '),
(56, 86, '	Copo	 '),
(63, 86, '	Choya	 '),
(7, 86, '	Aguirre	 '),
(70, 86, '	Figueroa	 '),
(77, 86, '	General Taboada	 '),
(84, 86, '	Guasayán	 '),
(91, 86, '	Jiménez	 '),
(98, 86, '	Juan Felipe Ibarra	 '),
(105, 90, '	Tafí Viejo	 '),
(112, 90, '	Trancas	 '),
(119, 90, '	Yerba Buena	 '),
(14, 90, '	Cruz Alta	 '),
(21, 90, '	Chicligasta	 '),
(28, 90, '	Famaillá	 '),
(35, 90, '	Graneros	 '),
(42, 90, '	Juan Bautista Alberdi	 '),
(49, 90, '	La Cocha	 '),
(56, 90, '	Leales	 '),
(63, 90, '	Lules	 '),
(7, 90, '	Burruyacú	 '),
(70, 90, '	Monteros	 '),
(77, 90, '	Rio Chico	 '),
(84, 90, '	Capital	 '),
(91, 90, '	Simoca	 '),
(98, 90, '	Tafí del Valle	 '),
(14, 94, '	Ushuaia	 '),
(28, 94, '	Antártida Argentina	 '),
(7, 94, '	Río Grande	 ');

-- --------------------------------------------------------

--
-- Estructura de tabla para la tabla `direcciones`
--

CREATE TABLE `direcciones` (
  `instit_id` int(11) DEFAULT NULL,
  `jurisdiccion_id` int(11) DEFAULT NULL,
  `departamento_id` int(11) DEFAULT NULL,
  `localidad_id` int(11) DEFAULT NULL,
  `direccion` varchar(500) DEFAULT NULL,
  `cp` varchar(50) DEFAULT NULL
) ENGINE=InnoDB DEFAULT CHARSET=utf8mb4 COLLATE=utf8mb4_general_ci;

--
-- Volcado de datos para la tabla `direcciones`
--

INSERT INTO `direcciones` (`instit_id`, `jurisdiccion_id`, `departamento_id`, `localidad_id`, `direccion`, `cp`) VALUES
(9, 2, 107, 1, 'Pje. La Porteña Nº 54', '1406'),
(60, 2, 110, 1, 'Peru 759', '1068'),
(62, 2, 101, 1, 'Avda. Paseo Colón Nº 650', '1063'),
(91, 2, 103, 1, 'Av. Jujuy Nº 255', 'C1083AAC'),
(141, 2, 104, 1, 'Av. Hipólito Vieytes Nº 942', 'C1275AGD'),
(446, 6, 778, 1, 'Segui y San Vicente Snº', '1864'),
(525, 6, 63, 1, ' Calle 11 Nº 676', '7620'),
(583, 6, 406, 3, 'Paraje Coraceros 406 - Zona Rural', '6465'),
(596, 6, 343, 6, 'Av. Garay N° 1507', '1987'),
(983, 6, 791, 44, 'L. N. Alem Nº 285', '7000'),
(996, 6, 371, 4, 'Calle 77 N° 4377 (Ex. Martín Lange)', 'B1653HDS'),
(1376, 10, 42, 7, 'Ruta Nacional N° 38 - Servicio Penitenciario', '4726'),
(1377, 10, 49, 16, 'Av. Acosta Villafañe Nº 1416', '4700'),
(1381, 10, 84, 18, 'Bº San Francisco Snº', '5317'),
(1383, 10, 49, 16, 'San Martin 311 P1', '4700'),
(1483, 14, 42, 28, 'Av. Rawson N° 1651', '5900'),
(1495, 14, 98, 92, 'Arturo Illia N° 261', '6140'),
(1510, 14, 119, 19, '25 de Mayo Nº 1337', '5986'),
(1513, 14, 21, 36, 'General Bustos 1336', '5220'),
(1525, 14, 133, 44, 'Calle Publica S/N° Zona Rural', '5871'),
(1531, 14, 14, 5, 'Monseñor de Andrea Nº 432', '5003'),
(1872, 18, 77, 21, 'Ruta Nacional N° 12, Km. 1082', '3414 SAG'),
(1881, 18, 28, 56, 'Calle Catamarca s/n°', '3421'),
(1886, 18, 7, 2, 'Pasaje Combate Punta Cuevas 1464', '3432'),
(1903, 18, 105, 51, 'Av. Libertador General San Martín Km 3 s/nº', 'W3470EBL'),
(1981, 22, 21, 25, 'Calle 212 N° 775 B° Lamadrid', '3700'),
(1991, 22, 140, 1, 'Obligado 4555', '3503'),
(1999, 22, 98, 26, 'Rivadavia y Luis Braile', '3540'),
(2007, 22, 105, 11, 'General Vedia n°1651', '3722'),
(2131, 30, 15, 15, 'P. DEL CATILLO 690', '3200'),
(2136, 30, 88, 5, 'Teniente Gutiérrez 456', '3218'),
(2154, 30, 49, 7, '1er. Distrito-- Ruta Nacional 12- Km 235', '2840'),
(2156, 30, 49, 7, 'Carmen Gadea N° 20', '2840'),
(2581, 34, 56, 91, 'República de Brasil y Alberdi', '3603'),
(2599, 34, 14, 51, 'Obispo Pacífico Scozzina N° 2267', '3600'),
(2639, 34, 14, 51, 'Av. Antártida Argentina N° 350', '3600'),
(2657, 34, 35, 404, 'Julio Romero y Walter Obregón S/N', '3260'),
(2660, 34, 14, 51, 'España N° 1610', '3600'),
(2707, 38, 21, 80, 'Salta N° 1143', '4600'),
(2714, 38, 112, 48, 'Calle Ejército del Norte s/n° (esq. Avda. España Sur)', '4650'),
(2715, 38, 35, 64, 'Belisario Roldán Av. Pte. Perón', '4506'),
(2721, 38, 35, 64, 'Ing. Luis María Blaquier esquina Reconquista', '4512'),
(2790, 42, 21, 8, 'O´ Higgins N° 700', '6300'),
(2800, 42, 154, 7, 'Ruta N° 152 Km 30', '8200'),
(2874, 42, 21, 8, 'Av. Ameghino N° 865', '6300'),
(2893, 46, 14, 15, 'Avda. Obispo Angelelli Extremo Sur s/n°', '5300'),
(2910, 46, 35, 5, 'Km 4 s/nº - Ruta N° 25', '5380'),
(2959, 46, 35, 5, 'Constantino Carbel Nª 426', '5380'),
(3047, 50, 77, 16, 'Llancanelo N° 732', '5613'),
(3055, 50, 70, 21, 'Ruta Prov. 50 Nº 6722', '5529'),
(3077, 50, 7, 2, 'Mitre N° 929', '5500'),
(3078, 50, 28, 26, 'Cangallo y Estrada s/nº', '5521'),
(3225, 54, 119, 2, 'Leandro N.Alem S/N - a 300 Mts. de la Ruta Provincial N° 8', '3363'),
(3234, 54, 77, 21, 'Yerbal N° 81', '3334'),
(3241, 54, 63, 14, 'Av. Victoria Aguirre N° 278', '3370'),
(3356, 58, 35, 22, 'Belgrano 516', '8300'),
(3357, 58, 35, 22, 'Av. Olascoaga 547', '8300'),
(3358, 58, 35, 27, 'Nahuel Huapi N° 84', '8316'),
(3360, 58, 112, 51, 'Primeros Pobladores N° 151', '8340'),
(3467, 58, 7, 3, 'Río Pulmari y Ramón Parra s/n°', '8345'),
(3477, 62, 42, 28, 'Chacabuco N° 1050', '8332'),
(3515, 62, 91, 31, 'Ruta N° 23', '8418'),
(3647, 66, 63, 40, 'B° San Isidro s/n°', '4425'),
(3655, 66, 133, 332, 'Rufino Roldán s/n°', '4535'),
(3712, 66, 28, 132, 'Manzana 486 B - Parcela 3', '4400'),
(3717, 70, 49, 25, 'Santo Domingo N° 4291', '5465'),
(3718, 70, 105, 19, '25 de Mayo s/n°', '5435'),
(3739, 70, 84, 5, 'Juan Jufré N° 328 - Este', '5400'),
(3742, 70, 119, 20, 'Tucuman N° 532', 'J5449XAO'),
(3847, 70, 28, 3, 'MItre Este N° 560', '5400'),
(3853, 74, 35, 29, 'Pasaje Dorrego y Tte. Turrado Sn°', '5730'),
(3877, 74, 14, 31, 'Av. Libertador Gral. San Martin Sn°', '5719'),
(3887, 74, 21, 25, 'Belgrano y Civalero S/Nº', '5736'),
(3899, 78, 14, 7, 'Rio Santa Cruz (entre Cerro Sombrero y Cerro Murallón)', 'Z9011   '),
(3903, 78, 21, 78, 'Mitre N° 291', 'Z9400   '),
(3912, 78, 14, 77, 'L. Alem B. Rivadavia', 'Z9017   '),
(3956, 82, 42, 37, 'Fernando Garín Nº 374', '6100'),
(3977, 82, 63, 24, '9 DE JULIO Nº 1756', '3000'),
(4002, 82, 42, 30, 'Aldao Nº 618', '2622'),
(4046, 82, 21, 48, 'Pueyrredón Nº 649', '2300'),
(4058, 82, 84, 39, 'Santa Fe', '2000'),
(4217, 82, 84, 43, 'Soldado Aguirre N° 1521', '2124'),
(4438, 86, 119, 29, 'Ruta 116. Km 102', '3740'),
(4445, 86, 63, 39, 'Pellegrini y La Pampa S/N', '4230'),
(4450, 86, 77, 3, '9 de Julio Nº 650', '3760'),
(4469, 86, 21, 56, 'Villa Atamisqui', '4317'),
(4580, 90, 77, 1, 'Vélez Sarsfield Nº 1200', '4152'),
(4587, 90, 98, 21, 'Ruta 337 s/n°', '4137'),
(4593, 90, 70, 69, 'Italia N°351', '4142'),
(4605, 90, 63, 72, 'Zoilo Domínguez N° 179', '4128'),
(4615, 90, 56, 161, 'Joaquín de Brizuela s/n°', '4113'),
(4620, 90, 21, 18, 'Jose Haimes N° 2700', '4146'),
(4716, 94, 14, 28, 'ESCUELA N° 22 - CONSTITUCION FUEGUINA 951', '9410'),
(4718, 94, 7, 152, 'Av. Belgrano N° 777', '9420'),
(4720, 94, 7, 152, 'Ruta Nacional Nº 3 Km. 2835', '9420');

-- --------------------------------------------------------

--
-- Estructura de tabla para la tabla `estado_etp`
--

CREATE TABLE `estado_etp` (
  `Id` int(11) NOT NULL,
  `Descripcion` int(11) DEFAULT NULL
) ENGINE=InnoDB DEFAULT CHARSET=utf8mb4 COLLATE=utf8mb4_general_ci;

-- --------------------------------------------------------

--
-- Estructura de tabla para la tabla `gestiones`
--

CREATE TABLE `gestiones` (
  `Id` int(11) NOT NULL,
  `Descripcion` varchar(50) DEFAULT NULL
) ENGINE=InnoDB DEFAULT CHARSET=utf8mb4 COLLATE=utf8mb4_general_ci;

--
-- Volcado de datos para la tabla `gestiones`
--

INSERT INTO `gestiones` (`Id`, `Descripcion`) VALUES
(1, 'Estatal'),
(2, 'Privado');

-- --------------------------------------------------------

--
-- Estructura de tabla para la tabla `instituciones`
--

CREATE TABLE `instituciones` (
  `Instit_Id` int(11) NOT NULL,
  `Nombre` varchar(500) DEFAULT NULL,
  `Cue` varchar(10) DEFAULT NULL,
  `Estado_Etp_Id` int(11) DEFAULT NULL,
  `Gestion_Id` int(11) DEFAULT NULL,
  `Aula_Taller` bit(1) DEFAULT NULL,
  `Anio_Fundacion` int(11) DEFAULT NULL,
  `Localidad_Id` int(11) DEFAULT NULL
) ENGINE=InnoDB DEFAULT CHARSET=utf8mb4 COLLATE=utf8mb4_general_ci;

--
-- Volcado de datos para la tabla `instituciones`
--

INSERT INTO `instituciones` (`Instit_Id`, `Nombre`, `Cue`, `Estado_Etp_Id`, `Gestion_Id`, `Aula_Taller`, `Anio_Fundacion`, `Localidad_Id`) VALUES
(9, '	Fernando Fader	 ', '020019200 ', 2, 1, b'0', 1910, NULL),
(60, '	Industrial Luis A. Huergo	 ', '020056800', 2, 2, b'0', 1934, NULL),
(62, '	Ingeniero Otto Krause	 ', '020058300', 2, 1, b'0', 1899, NULL),
(91, '	Confederación Suiza	 ', '020086500', 2, 1, b'0', 1949, NULL),
(141, '	Fray Luis Beltrán	 ', '020121600', 2, 1, b'0', 1936, NULL),
(446, '	Monseñor Alejandro Schell	 ', '060500300', 2, 2, b'0', 1981, NULL),
(525, '	Astor Piazzolla	 ', '	60621200	', 1, 1, b'0', 1985, NULL),
(583, '	Coraceros - Ing Emilio Withe	 ', '060711100', 2, 1, b'0', 1993, NULL),
(596, '		 ', '060723500', 2, 1, b'0', 1989, NULL),
(983, '	Ingeniero Felipe Senillosa	 ', '061351200', 2, 1, b'0', 1946, NULL),
(996, '	Werner Von Siemens	 ', '062266200', 2, 1, b'0', 2003, NULL),
(1376, '	Dr. Julio Herrera	 ', '100005600', 1, 1, b'0', 1972, NULL),
(1377, '	Dr. Bernardo Houssay	 ', '100007300', 2, 1, b'0', 1945, NULL),
(1381, '	San Luis Gonzaga	 ', '100008500', 1, 1, b'0', 1986, NULL),
(1383, '	General José de San Martín	 ', '100008700', 2, 2, b'0', 1981, NULL),
(1483, '	Emiliano Gómez Clara	 ', '140051600', 1, 1, b'0', 1931, NULL),
(1495, '	Juan Antonio de Mena	 ', '140091900', 2, 1, b'0', 1975, NULL),
(1510, '	Juan Enrique Müller	 ', '140122600', 2, 1, b'0', 1960, NULL),
(1513, '	Zarela Moyano de Toledo	 ', '140136600', 1, 1, b'0', 1984, NULL),
(1525, '	Dr. Amadeo Sabattini (Ex I.P.E.A. Nº 22);	 ', '140156900', 2, 1, b'0', 1985, NULL),
(1531, '	Ingeniero Noel Julián Etchegoyen	 ', '140169400', 2, 2, b'0', 1978, 51),
(1872, '	Escuela Agrotécnica de Ramada Paso	 ', '180030300', 2, 1, b'0', 1987, NULL),
(1881, '	Colegio de Santa Rosa	 ', '180053200', 1, 1, b'0', 1986, NULL),
(1886, '	Manuel Belgrano	 ', '180067400', 2, 1, b'0', 1971, NULL),
(1903, '	Eulogio Cruz Cabral	 ', '180099700', 2, 1, b'0', 1981, NULL),
(1981, '	Politécnica Juan XXIII	 ', '220028800', 2, 2, b'0', 1967, NULL),
(1991, '	DIRECTOR CARLOS SILVA	 ', '220089100', 2, 1, b'0', 1993, NULL),
(1999, '	 Villa Angela	 ', '220101600', 1, 1, b'0', 1975, NULL),
(2007, '	Ingeniero Juan Col	 ', '220108800', 2, 1, b'0', 1975, 51),
(2131, '	De Concordia 	 ', '300024800', 1, 1, b'0', 1991, NULL),
(2136, '	Félix Bourren Meyer	 ', '300031400', 2, 1, b'0', 1985, NULL),
(2154, '	Juan Bautista Ambrosetti	 ', '300108900', 2, 1, b'0', 1968, NULL),
(2156, '	Celestino Irineo Marcó	 ', '300111000', 1, 1, b'0', 1958, NULL),
(2581, '		 ', '340000300', 2, 1, b'0', 1981, NULL),
(2599, '	Dos de Abril 	 ', '340019800', 2, 1, b'0', 1983, NULL),
(2639, '	Técnico Ex I.S.A.P.F.	 ', '340058700', 1, 1, b'0', 1987, NULL),
(2657, '		 ', '340080500', 2, 1, b'0', 1997, NULL),
(2660, '	Mario Antonio Rodríguez	 ', '340082500', 2, 1, b'0', 1979, NULL),
(2707, '	Escolástico Zegada	 ', '380009100', 2, 1, b'0', 1919, NULL),
(2714, '	La Quiaca	 ', '380030800', 2, 1, b'0', 1988, NULL),
(2715, '		 ', '380035200', 1, 1, b'0', 1984, NULL),
(2721, '	Escuela Pcial. Agrotécnica Nº 4 \"Nelly Arrieta\"	 ', '380041000', 2, 1, b'0', 1997, NULL),
(2790, '	Escuela Provincial de Educacion Tecnica N1	 ', '420029300', 2, 1, b'0', 1945, NULL),
(2800, '	Escuela Tecnico Agropecuaria	 ', '420042500', 2, 1, b'0', 1988, NULL),
(2874, '	De Servicios y Negocios - Ciudad Educativa S.R.L	 ', '420082600', 1, 2, b'0', 2003, NULL),
(2893, '	Integral Laboral	 ', '460019200', 1, 1, b'0', 1987, NULL),
(2910, '	Chamical 	 ', '460032800', 2, 1, b'0', 1992, NULL),
(2959, '	 Hilados y Tejidos	 ', '460068800', 2, 1, b'0', 1930, NULL),
(3047, '	Gobernador Celso Alejandro Jaque	 ', '	500107100', 1, 1, b'0', 1995, NULL),
(3055, '	Don Bosco	 ', '500114600	', 2, 2, b'0', 1987, NULL),
(3077, '	Tomás Godoy Cruz', '500130100', 1, 1, b'0', 1978, 51),
(3078, '	Técnicos Mendocinos	 ', '500130400', 2, 1, b'0', 1949, NULL),
(3225, '	Santa Rita	 ', '	540059600', 1, 2, b'0', 1992, NULL),
(3234, '	Anexo E.P.E.T. N° 10	 ', '	540173900', 2, 1, b'0', 1988, NULL),
(3241, '	O.E.A.	 ', '	540064700', 2, 1, b'0', 1968, NULL),
(3356, '	Instituto Superior de Informática	 ', '580036100	', 2, 2, b'0', 1993, NULL),
(3357, '	Del Comahue	 ', '	580036700', 2, 2, b'0', 1991, NULL),
(3358, '	Eduardo V. Gatti	 ', '	580037700', 2, 1, b'0', 1985, NULL),
(3360, '	Escuela Laboral Talleres Don Bosco	 ', '580042300', 2, 2, b'0', 1982, NULL),
(3467, '	Sagrada Familia	 ', '580106100	', 2, 2, b'0', 2006, NULL),
(3477, '		 ', '	620004500', 2, 1, b'0', 1957, NULL),
(3515, '	Instituto Técnico Superior 	 ', '620051300', 2, 1, b'0', 1991, NULL),
(3647, '	Soberanía Nacional	 ', '660083000', 2, 1, b'0', 1986, NULL),
(3655, '		 ', '660093300', 2, 1, b'0', 1987, NULL),
(3712, '	Dr. Julio Ignacio Mera Figueroa	 ', '660143000', 2, 1, b'0', 2008, NULL),
(3717, '	Cornelio Saavedra	 ', '700007600', 2, 1, b'0', 1978, NULL),
(3718, '	Sarmiento 	 ', '700013600', 2, 1, b'0', 1971, NULL),
(3739, '	San José	 ', '700047600', 2, 2, b'0', 1970, NULL),
(3742, '	Ejército Argentino	 ', '700054700', 2, 1, b'0', 1981, NULL),
(3847, '	Domingo Faustino Sarmiento	 ', '	709000400', 2, 1, b'0', 1871, NULL),
(3853, '	Antonio Berni	 ', '740014300', 2, 1, b'0', 1992, NULL),
(3877, '	Geólogo Román Guiñazú	 ', '740057900', 2, 1, b'0', 1997, NULL),
(3887, '	Historiador Urbano Joaquín Núñez	 ', '740060300', 2, 1, b'0', 1986, NULL),
(3899, '	Atlántico Sur	 ', '780015600', 2, 1, b'0', 1993, NULL),
(3903, '	José Menéndez	 ', '780021200', 2, 1, b'0', 1941, NULL),
(3912, '	Las Heras	 ', '780028800', 2, 1, b'0', 2005, NULL),
(3956, '		 ', '820034200', 2, 1, b'0', 1976, NULL),
(3977, '	Gastón Gori	 ', '820050900', 2, 1, b'0', 1952, NULL),
(4002, '	General Gregorio Las Heras	 ', '820078500', 2, 1, b'0', 1942, NULL),
(4046, '	Guillermo Lehmann	 ', '820144600', 2, 1, b'0', 1915, NULL),
(4058, '		 ', '820161900', 2, 1, b'0', 1991, NULL),
(4217, '	Dr. Mariano Moreno	 ', '820246900', 2, 1, b'0', 1963, NULL),
(4438, '		 ', '860037100', 2, 1, b'0', 1989, NULL),
(4445, '	Frías	 ', '860111200', 2, 1, b'0', 1989, NULL),
(4450, '		 ', '860118300', 2, 1, b'0', 1937, NULL),
(4469, '	Villa Atamisqui	 ', '860141300', 2, 2, b'0', 1990, NULL),
(4580, '	Aguilares	 ', '900034100', 2, 1, b'0', 1955, NULL),
(4587, '	Amaicha del Valle	 ', '900043700', 2, 1, b'0', 1986, NULL),
(4593, '		 ', '900047500', 2, 1, b'0', 1953, NULL),
(4605, '	Veinte de Junio 	 ', '900060100', 2, 2, b'0', 1971, 51),
(4615, '	Instituto Agrotecnico La Candelaria F-69	 ', '900066700', 2, 2, b'0', 1985, NULL),
(4620, '	Inmaculada Concepción	 ', '900070900', 1, 1, b'0', 1976, NULL),
(4716, '	Ciudad de Ushuaia	 ', '940006500', 2, 1, b'0', 1982, NULL),
(4718, '	Colegio Provincial de Educación Tecnológica Río Grande \"Ing. Fabio C. Reiss\"	 ', '940007700', 2, 1, b'0', 1982, NULL),
(4720, '	Salesiana Nuestra Señora de la Candelaria	 ', '940009000', 2, 2, b'0', 1965, NULL);

-- --------------------------------------------------------

--
-- Estructura de tabla para la tabla `jurisdicciones`
--

CREATE TABLE `jurisdicciones` (
  `Id` int(11) NOT NULL,
  `Descripcion` varchar(50) NOT NULL DEFAULT ''
) ENGINE=InnoDB DEFAULT CHARSET=utf8mb4 COLLATE=utf8mb4_general_ci;

--
-- Volcado de datos para la tabla `jurisdicciones`
--

INSERT INTO `jurisdicciones` (`Id`, `Descripcion`) VALUES
(2, 'Ciudad de Buenos Aires'),
(6, 'Buenos Aires'),
(10, 'Catamarca'),
(14, 'Córdoba'),
(18, 'Corrientes'),
(22, 'Chaco'),
(26, 'Chubut'),
(30, 'Entre Ríos'),
(34, 'Formosa'),
(38, 'Jujuy'),
(42, 'La Pampa'),
(46, 'La Rioja'),
(50, 'Mendoza'),
(54, 'Misiones'),
(58, 'Neuquén'),
(62, 'Río Negro'),
(66, 'Salta'),
(70, 'San Juan'),
(74, 'San Luis'),
(78, 'Santa Cruz'),
(82, 'Santa Fé'),
(86, 'Santiago del Estero'),
(90, 'Tucumán'),
(94, 'Tierra del Fuego');

-- --------------------------------------------------------

--
-- Estructura de tabla para la tabla `localidades`
--

CREATE TABLE `localidades` (
  `Id` int(11) DEFAULT NULL,
  `Jurisdiccion_Id` int(11) DEFAULT NULL,
  `Departamento_Id` int(11) DEFAULT NULL,
  `Descripcion` varchar(50) DEFAULT NULL
) ENGINE=InnoDB DEFAULT CHARSET=utf8mb4 COLLATE=utf8mb4_general_ci;

--
-- Volcado de datos para la tabla `localidades`
--

INSERT INTO `localidades` (`Id`, `Jurisdiccion_Id`, `Departamento_Id`, `Descripcion`) VALUES
(14, 10, 105, '	COPACABANA	 '),
(28, 10, 105, '	EL PUESTO	 '),
(31, 10, 105, '	EL SALADO	 '),
(32, 10, 105, '	FIAMBALA	 '),
(74, 10, 105, '	TINOGASTA	 '),
(11, 10, 112, '	SAN ISIDRO	 '),
(16, 10, 112, '	SANTA ROSA	 '),
(8, 10, 112, '	LAS TEJAS	 '),
(39, 10, 14, '	LA MAJADA	 '),
(17, 10, 21, '	EL POTRERO	 '),
(2, 10, 21, '	AMANAO	 '),
(3, 10, 21, '	ANDALGALA	 '),
(37, 10, 21, '	RIO POTRERO	 '),
(40, 10, 21, '	VILLA VIL	 '),
(9, 10, 21, '	EL ALAMITO	 '),
(12, 10, 28, '	EL PEÑON	 '),
(2, 10, 28, '	ANTOFAGASTA DE LA SIERRA	 '),
(30, 10, 35, '	HUASI CIENAGA	 '),
(46, 10, 35, '	LAGUNA BLANCA	 '),
(48, 10, 35, '	LAS BARRANCAS	 '),
(6, 10, 35, '	BARRANCA LARGA	 '),
(7, 10, 35, '	BELEN	 '),
(10, 10, 42, '	CONCEPCION	 '),
(19, 10, 42, '	HUILLAPIMA	 '),
(27, 10, 42, '	LOS ANGELES	 '),
(31, 10, 42, '	MIRAFLORES	 '),
(37, 10, 42, '	SAN MARTIN	 '),
(6, 10, 42, '	CHUMBICHA	 '),
(7, 10, 42, '	COLONIA DEL VALLE	 '),
(9, 10, 42, '	COLONIA NUEVA CONETA	 '),
(16, 10, 49, '	SAN FERNANDO DEL VALLE DE CATAMARCA	 '),
(11, 10, 56, '	COLONIA DE ACHALCO	 '),
(24, 10, 56, '	GUAYAMBA	 '),
(27, 10, 56, '	INFANZON	 '),
(69, 10, 56, '	TAPSO	 '),
(10, 10, 63, '	LA CARRERA	 '),
(12, 10, 63, '	LA TERCENA	 '),
(13, 10, 63, '	SAN ANTONIO	 '),
(14, 10, 63, '	SAN JOSÉ	 '),
(24, 10, 7, '	LAS CHACRITAS	 '),
(40, 10, 7, '	SINGUIL	 '),
(106, 10, 70, '	RECREO	 '),
(108, 10, 70, '	RIO DE LA DORADA	 '),
(58, 10, 70, '	LA DORADA	 '),
(61, 10, 70, '	LA GUARDIA	 '),
(1, 10, 77, '	AMADORES	 '),
(14, 10, 77, '	LA MERCED	 '),
(18, 10, 84, '	MUTQUIN	 '),
(21, 10, 84, '	POMAN	 '),
(29, 10, 84, '	SAUJIL	 '),
(30, 10, 84, '	SIJAN	 '),
(8, 10, 84, '	EL PAJONAL	 '),
(1, 10, 91, '	AGUA AMARILLA	 '),
(15, 10, 91, '	EL CAJON	 '),
(28, 10, 91, '	LA HOYADA	 '),
(40, 10, 91, '	PALOMA YACO	 '),
(41, 10, 91, '	PUNTA DE BALASTO	 '),
(44, 10, 91, '	SAN JOSE	 '),
(45, 10, 91, '	SANTA MARIA	 '),
(17, 10, 98, '	EL ABRA	 '),
(2, 10, 98, '	ALIJILAN	 '),
(31, 10, 98, '	LAS CAÑAS	 '),
(34, 10, 98, '	LAVALLE	 '),
(35, 10, 98, '	LOS ALTOS	 '),
(44, 10, 98, '	MONTE REDONDO	 '),
(8, 10, 98, '	BAÑADO DE OVANTA	 '),
(36, 14, 105, '	LA PUERTA	 '),
(62, 14, 105, '	OBISPO TREJO	 '),
(64, 14, 105, '	PIQUILLIN	 '),
(73, 14, 105, '	RIO PRIMERO	 '),
(76, 14, 105, '	SANTA ROSA DE RIO PRIMERO	 '),
(79, 14, 105, '	VILLA FONTANA	 '),
(30, 14, 112, '	VILLA DE MARIA	 '),
(12, 14, 119, '	LAGUNA LARGA	 '),
(13, 14, 119, '	LAS JUNTURAS	 '),
(15, 14, 119, '	LUQUE	 '),
(19, 14, 119, '	ONCATIVO	 '),
(2, 14, 119, '	CALCHIN OESTE	 '),
(20, 14, 119, '	PILAR	 '),
(22, 14, 119, '	POZO DEL MOLLE	 '),
(25, 14, 119, '	RIO SEGUNDO	 '),
(26, 14, 119, '	SANTIAGO TEMPLE	 '),
(27, 14, 119, '	VILLA DEL ROSARIO	 '),
(2, 14, 126, '	AMBUL	 '),
(23, 14, 126, '	MINA CLAVERO	 '),
(37, 14, 126, '	SAN PEDRO	 '),
(46, 14, 126, '	VILLA CURA BROCHERO	 '),
(48, 14, 126, '	VILLA SARMIENTO	 '),
(44, 14, 133, '	LOS CERRILLOS	 '),
(67, 14, 133, '	VILLA DE LAS ROSAS	 '),
(68, 14, 133, '	VILLA DOLORES	 '),
(5, 14, 14, '	CORDOBA	 '),
(108, 14, 140, '	SAN FRANCISCO	 '),
(110, 14, 140, '	SATURNINO MARIA LASPIUR	 '),
(111, 14, 140, '	SEEBER	 '),
(114, 14, 140, '	TRANSITO	 '),
(117, 14, 140, '	VILLA DEL TRANSITO	 '),
(150, 14, 140, '	LA QUEMADA-TRANSITO	 '),
(18, 14, 140, '	COLONIA EL FORTIN	 '),
(2, 14, 140, '	ALICIA	 '),
(36, 14, 140, '	COLONIA NUEVA FRANCIA	 '),
(39, 14, 140, '	COLONIA SAN BARTOLOME	 '),
(4, 14, 140, '	ARROYITO	 '),
(48, 14, 140, '	COLONIA VIGNAUD	 '),
(51, 14, 140, '	DEVOTO	 '),
(52, 14, 140, '	EL ARAÑADO	 '),
(54, 14, 140, '	EL FORTIN	 '),
(6, 14, 140, '	BALNEARIA	 '),
(67, 14, 140, '	FREYRE	 '),
(7, 14, 140, '	BRINCKMANN	 '),
(73, 14, 140, '	LA FRANCIA	 '),
(74, 14, 140, '	LA PAQUITA	 '),
(81, 14, 140, '	LAS VARAS	 '),
(82, 14, 140, '	LAS VARILLAS	 '),
(87, 14, 140, '	MIRAMAR	 '),
(89, 14, 140, '	MORTEROS	 '),
(97, 14, 140, '	PLAZA SAN FRANCISCO	 '),
(98, 14, 140, '	PORTEÑA	 '),
(1, 14, 147, '	ALTA GRACIA	 '),
(23, 14, 147, '	DESPEÑADEROS	 '),
(32, 14, 147, '	JOSE DE LA QUINTANA	 '),
(51, 14, 147, '	LOS CEDROS	 '),
(57, 14, 147, '	LOZADA	 '),
(58, 14, 147, '	MALAGUEÑO	 '),
(89, 14, 147, '	VILLA PARQUE SANTA ANA	 '),
(23, 14, 154, '	SAN FRANCISCO DEL CHAÑAR	 '),
(1, 14, 161, '	ALMAFUERTE	 '),
(10, 14, 161, '	HERNANDO	 '),
(11, 14, 161, '	JAMES CRAIK	 '),
(13, 14, 161, '	LAS PERDICES	 '),
(14, 14, 161, '	LOS ZORROS	 '),
(16, 14, 161, '	OLIVA	 '),
(20, 14, 161, '	RIO TERCERO	 '),
(6, 14, 161, '	CORRALITO	 '),
(42, 14, 168, '	SINSACATE	 '),
(44, 14, 168, '	VILLA DEL TOTORAL	 '),
(7, 14, 168, '	CAÑADA DE LUQUE	 '),
(24, 14, 175, '	LAS ARRIAS	 '),
(29, 14, 175, '	LUCIO V. MANSILLA	 '),
(35, 14, 175, '	SAN JOSE DE LA DORMIDA	 '),
(43, 14, 175, '	VILLA TULUMBA	 '),
(2, 14, 182, '	ALTO ALEGRE	 '),
(24, 14, 182, '	IDIAZABAL	 '),
(25, 14, 182, '	JUSTINIANO POSSE	 '),
(27, 14, 182, '	LABORDE	 '),
(32, 14, 182, '	MONTE MAIZ	 '),
(33, 14, 182, '	MORRISON	 '),
(35, 14, 182, '	NOETINGER	 '),
(37, 14, 182, '	PASCANAS	 '),
(4, 14, 182, '	BALLESTEROS	 '),
(41, 14, 182, '	SAN ANTONIO DE LITIN	 '),
(49, 14, 182, '	WENCESLAO ESCALANTE	 '),
(6, 14, 182, '	BELL VILLE	 '),
(7, 14, 182, '	BENJAMIN GOULD	 '),
(8, 14, 182, '	CANALS	 '),
(102, 14, 21, '	GENERAL PAZ	 '),
(104, 14, 21, '	ESTACION COLONIA TIROLESA	 '),
(15, 14, 21, '	COLONIA CAROYA	 '),
(18, 14, 21, '	COLONIA TIROLESA	 '),
(34, 14, 21, '	GENERAL PAZ	 '),
(36, 14, 21, '	JESUS MARIA	 '),
(37, 14, 21, '	JUAREZ CELMAN	 '),
(42, 14, 21, '	LA CALERA	 '),
(45, 14, 21, '	LA GRANJA	 '),
(56, 14, 21, '	MALVINAS ARGENTINAS	 '),
(70, 14, 21, '	RIO CEBALLOS	 '),
(73, 14, 21, '	SALSIPUEDES	 '),
(82, 14, 21, '	UNQUILLO	 '),
(85, 14, 21, '	VILLA ALLENDE	 '),
(101, 14, 28, '	VILLA DE SOTO	 '),
(21, 14, 28, '	CRUZ DEL EJE	 '),
(6, 14, 28, '	BAÑADO DE SOTO	 '),
(79, 14, 28, '	PASO VIEJO	 '),
(92, 14, 28, '	SAN MARCOS SIERRA	 '),
(96, 14, 28, '	SERREZUELA	 '),
(99, 14, 28, '	TUCLAME	 '),
(2, 14, 35, '	DEL CAMPILLO	 '),
(20, 14, 35, '	VILLA HUIDOBRO	 '),
(23, 14, 35, '	VILLA VALERIA	 '),
(29, 14, 35, '	JOVITA	 '),
(6, 14, 35, '	HUINCA RENANCO	 '),
(8, 14, 35, '	ITALO	 '),
(13, 14, 42, '	LA PLAYOSA	 '),
(19, 14, 42, '	PASCO	 '),
(25, 14, 42, '	SILVIO PELLICO	 '),
(28, 14, 42, '	VILLA MARIA	 '),
(29, 14, 42, '	VILLA NUEVA	 '),
(4, 14, 42, '	CHAZON	 '),
(7, 14, 42, '	ETRURIA	 '),
(12, 14, 49, '	DEAN FUNES	 '),
(44, 14, 49, '	QUILINO	 '),
(1, 14, 56, '	ALEJANDRO ROCA	 '),
(10, 14, 56, '	GENERAL DEHEZA	 '),
(12, 14, 56, '	LA CARLOTA	 '),
(24, 14, 56, '	UCACHA	 '),
(25, 14, 56, '	VILLA REDUCCION	 '),
(29, 14, 56, '	REDUCCION	 '),
(4, 14, 56, '	BENGOLEA	 '),
(5, 14, 56, '	CARNERILLO	 '),
(6, 14, 56, '	CHARRAS	 '),
(9, 14, 56, '	GENERAL CABRERA	 '),
(1, 14, 63, '	ALEJO LEDESMA	 '),
(11, 14, 63, '	CORRAL DE BUSTOS	 '),
(12, 14, 63, '	CRUZ ALTA	 '),
(16, 14, 63, '	GUATIMOZIN	 '),
(17, 14, 63, '	INRIVILLE	 '),
(18, 14, 63, '	ISLA VERDE	 '),
(19, 14, 63, '	LEONES	 '),
(2, 14, 63, '	ARIAS	 '),
(21, 14, 63, '	MARCOS JUAREZ	 '),
(22, 14, 63, '	MONTE BUEY	 '),
(27, 14, 63, '	SAIRA	 '),
(3, 14, 63, '	CAMILO ALDAO	 '),
(6, 14, 63, '	CAVANAGH	 '),
(17, 14, 7, '	EMBALSE	 '),
(22, 14, 7, '	LOS CONDORES	 '),
(35, 14, 7, '	SAN AGUSTIN	 '),
(38, 14, 7, '	SANTA ROSA DE CALAMUCHITA	 '),
(52, 14, 7, '	VILLA GENERAL BELGRANO	 '),
(56, 14, 7, '	VILLA RUMIPAL	 '),
(29, 14, 70, '	SAN CARLOS MINAS	 '),
(5, 14, 70, '	CIENAGA DEL CORO	 '),
(35, 14, 77, '	SALSACATE	 '),
(9, 14, 77, '	CHANCANI	 '),
(10, 14, 84, '	GENERAL LEVALLE	 '),
(13, 14, 84, '	LABOULAYE	 '),
(16, 14, 84, '	MELO	 '),
(24, 14, 84, '	SERRANO	 '),
(25, 14, 84, '	VILLA ROSSI	 '),
(16, 14, 91, '	COSQUIN	 '),
(35, 14, 91, '	HUERTA GRANDE	 '),
(38, 14, 91, '	LA CUMBRE	 '),
(39, 14, 91, '	LA FALDA	 '),
(46, 14, 91, '	LOS COCOS	 '),
(64, 14, 91, '	TANTI	 '),
(71, 14, 91, '	VILLA CARLOS PAZ	 '),
(77, 14, 91, '	VILLA GIARDINO	 '),
(8, 14, 91, '	CAPILLA DEL MONTE	 '),
(9, 14, 91, '	CASA GRANDE	 '),
(113, 14, 98, '	COLONIA NUEVA SAMPACHO	 '),
(122, 14, 98, '	SAN AMBROSIO	 '),
(2, 14, 98, '	ADELIA MARIA	 '),
(24, 14, 98, '	CORONEL MOLDES	 '),
(32, 14, 98, '	ELENA	 '),
(54, 14, 98, '	LAS ACEQUIAS	 '),
(60, 14, 98, '	LAS HIGUERAS	 '),
(7, 14, 98, '	BERROTARAN	 '),
(72, 14, 98, '	MALENA	 '),
(8, 14, 98, '	BULNES	 '),
(81, 14, 98, '	RIO CUARTO	 '),
(84, 14, 98, '	SAMPACHO	 '),
(88, 14, 98, '	SANTA CATALINA	 '),
(92, 14, 98, '	VICUÑA MACKENNA	 '),
(51, 18, 105, '	MERCEDES	 '),
(14, 18, 112, '	COLONIA MOCORETA	 '),
(46, 18, 112, '	JUAN PUJOL	 '),
(51, 18, 112, '	MOCORETA	 '),
(52, 18, 112, '	MONTE CASEROS	 '),
(2, 18, 119, '	BONPLAND	 '),
(42, 18, 119, '	PASO DE LOS LIBRES	 '),
(37, 18, 126, '	RINCON DE SAN LORENZO	 '),
(39, 18, 126, '	SALADAS	 '),
(42, 18, 126, '	SAN LORENZO	 '),
(26, 18, 133, '	SAN COSME	 '),
(27, 18, 133, '	SANTA ANA	 '),
(5, 18, 14, '	BERON DE ASTRADA	 '),
(57, 18, 140, '	SAN LUIS DEL PALMAR	 '),
(25, 18, 147, '	LA CRUZ	 '),
(26, 18, 147, '	LA CRUZ	 '),
(47, 18, 147, '	YAPEYU	 '),
(27, 18, 154, '	LORETO	 '),
(8, 18, 154, '	COLONIA SAN ANTONIO	 '),
(1, 18, 161, '	9 DE JULIO	 '),
(57, 18, 161, '	SAN ROQUE	 '),
(58, 18, 161, '	Colonia Pando	 '),
(52, 18, 168, '	GOBERNADOR AGR. VALENTIN VIRASORO	 '),
(78, 18, 168, '	SANTO TOME	 '),
(24, 18, 175, '	SAUCE	 '),
(6, 18, 21, '	CORRIENTES	 '),
(13, 18, 28, '	CONCEPCION	 '),
(56, 18, 28, '	SANTA ROSA	 '),
(57, 18, 28, '	SANTA ROSA (RURAL)	 '),
(17, 18, 35, '	CURUZU CUATIA	 '),
(69, 18, 35, '	PERUGORRIA	 '),
(12, 18, 42, '	COSTA DE EMPEDRADO	 '),
(20, 18, 42, '	EMPEDRADO	 '),
(33, 18, 42, '	LOMAS DE EMPEDRADO	 '),
(43, 18, 42, '	RINCON DE EMPEDRADO	 '),
(23, 18, 49, '	ESQUINA	 '),
(3, 18, 56, '	ALVEAR	 '),
(33, 18, 63, '	ITA IBATE	 '),
(46, 18, 63, '	NUESTRA SEÑORA DEL ROSARIO DE CAA CATI	 '),
(48, 18, 63, '	PALMAR GRANDE	 '),
(49, 18, 63, '	PALMAR GRANDE (RURAL)	 '),
(2, 18, 7, '	BELLA VISTA	 '),
(5, 18, 7, '	COLONIA 3 DE ABRIL	 '),
(45, 18, 70, '	GOYA	 '),
(58, 18, 70, '	LAS TRES BOCAS	 '),
(17, 18, 77, '	ITATI	 '),
(21, 18, 77, '	RAMADA PASO	 '),
(19, 18, 84, '	SAN ANTONIO	 '),
(4, 18, 84, '	COLONIA LIEBIG`S	 '),
(8, 18, 84, '	ITUZAINGO	 '),
(21, 18, 91, '	GOBERNADOR JUAN E. MARTINEZ	 '),
(26, 18, 91, '	LAVALLE	 '),
(37, 18, 91, '	RINCON DE SANTA LUCIA	 '),
(42, 18, 91, '	SANTA LUCIA	 '),
(43, 18, 91, '	YATAYTÍ CALLE	 '),
(9, 18, 91, '	COLONIA MARTINEZ	 '),
(23, 18, 98, '	MBURUCUYA	 '),
(1, 2, 1, '	Distrito Escolar N° 01	 '),
(10, 2, 1, '	Distrito Escolar N° 10	 '),
(11, 2, 1, '	Distrito Escolar N° 11	 '),
(13, 2, 1, '	Distrito Escolar N° 13	 '),
(15, 2, 1, '	Distrito Escolar N° 15	 '),
(17, 2, 1, '	Distrito Escolar N° 17	 '),
(18, 2, 1, '	Distrito Escolar N° 18	 '),
(19, 2, 1, '	Distrito Escolar N° 19	 '),
(2, 2, 1, '	Distrito Escolar N° 02	 '),
(20, 2, 1, '	Distrito Escolar N° 20	 '),
(21, 2, 1, '	Distrito Escolar N° 21	 '),
(22, 2, 1, '	Ciudad de Buenos Aires	 '),
(3, 2, 1, '	Distrito Escolar N° 03	 '),
(5, 2, 1, '	Distrito Escolar N° 05	 '),
(7, 2, 1, '	Distrito Escolar N° 07	 '),
(8, 2, 1, '	Distrito Escolar N° 08	 '),
(9, 2, 1, '	Distrito Escolar N° 09	 '),
(22, 2, 101, '	Ciudad de Buenos Aires	 '),
(22, 2, 102, '	Ciudad de Buenos Aires	 '),
(22, 2, 103, '	Ciudad de Buenos Aires	 '),
(22, 2, 104, '	Ciudad de Buenos Aires	 '),
(22, 2, 105, '	Ciudad de Buenos Aires	 '),
(22, 2, 106, '	Ciudad de Buenos Aires	 '),
(22, 2, 107, '	Ciudad de Buenos Aires	 '),
(22, 2, 108, '	Ciudad de Buenos Aires	 '),
(22, 2, 109, '	Ciudad de Buenos Aires	 '),
(22, 2, 110, '	Ciudad de Buenos Aires	 '),
(22, 2, 111, '	Ciudad de Buenos Aires	 '),
(22, 2, 112, '	Ciudad de Buenos Aires	 '),
(22, 2, 113, '	Ciudad de Buenos Aires	 '),
(22, 2, 114, '	Ciudad de Buenos Aires	 '),
(22, 2, 115, '	Ciudad de Buenos Aires	 '),
(11, 22, 105, '	LAS BREÑAS	 '),
(16, 22, 112, '	SAN BERNARDO	 '),
(16, 22, 119, '	PRESIDENCIA DE LA PLAZA	 '),
(15, 22, 126, '	MARGARITA BELEN	 '),
(8, 22, 126, '	COLONIA BENITEZ	 '),
(18, 22, 133, '	QUITILIPI	 '),
(16, 22, 14, '	ISLA DEL CERRITO	 '),
(27, 22, 14, '	LAS PALMAS	 '),
(28, 22, 14, '	PUERTO BERMEJO NUEVO	 '),
(1, 22, 140, '	BARRANQUERAS	 '),
(18, 22, 140, '	FONTANA	 '),
(34, 22, 140, '	RESISTENCIA	 '),
(35, 22, 140, '	BASAIL	 '),
(10, 22, 147, '	SAMUHU	 '),
(11, 22, 147, '	VILLA BERTHET	 '),
(1, 22, 154, '	Colonia Elisa	 '),
(2, 22, 154, '	LAS GARCITAS	 '),
(1, 22, 161, '	CHARADAI	 '),
(21, 22, 168, '	MACHAGAI	 '),
(25, 22, 21, '	PRESIDENCIA ROQUE SAENZ PEÑA	 '),
(1, 22, 28, '	CHARATA	 '),
(14, 22, 36, '	GANCEDO	 '),
(16, 22, 36, '	GENERAL PINEDO	 '),
(1, 22, 39, '	HERMOSO CAMPO	 '),
(14, 22, 43, '	SANTA SYLVINA	 '),
(4, 22, 49, '	CORZUELA	 '),
(14, 22, 56, '	LA VERDE	 '),
(29, 22, 63, '	EL SAUZALITO	 '),
(40, 22, 63, '	JUAN JOSE CASTELLI	 '),
(41, 22, 63, '	NUEVA POMPEYA	 '),
(40, 22, 7, '	PAMPA DEL INFIERNO	 '),
(63, 22, 7, '	TACO POZO	 '),
(1, 22, 70, '	CAMPO LARGO	 '),
(16, 22, 77, '	PUERTO TIROL	 '),
(35, 22, 84, '	GENERAL JOSE DE SAN MARTIN	 '),
(51, 22, 84, '	PAMPA DEL INDIO	 '),
(52, 22, 84, '	PRESIDENCIA ROCA	 '),
(29, 22, 91, '	TRES ISLETAS	 '),
(26, 22, 98, '	VILLA ANGELA	 '),
(7, 22, 98, '	CORONEL DU GRATY	 '),
(14, 26, 14, '	EL HOYO	 '),
(15, 26, 14, '	EL MAITEN	 '),
(20, 26, 14, '	EPUYEN	 '),
(23, 26, 14, '	GUALJAINA	 '),
(25, 26, 14, '	LAGO PUELO	 '),
(33, 26, 14, '	CERRO RADAL	 '),
(4, 26, 14, '	CHOLILA	 '),
(14, 26, 21, '	RADA TILLY	 '),
(4, 26, 21, '	COMODORO RIVADAVIA	 '),
(2, 26, 28, '	CAMARONES	 '),
(20, 26, 35, '	TREVELIN	 '),
(4, 26, 35, '	CORCOVADO	 '),
(7, 26, 35, '	ESQUEL	 '),
(1, 26, 42, '	28 DE JULIO	 '),
(7, 26, 42, '	DOLAVON	 '),
(9, 26, 42, '	GAIMAN	 '),
(19, 26, 56, '	TECKA	 '),
(6, 26, 7, '	PUERTO MADRYN	 '),
(10, 26, 77, '	RAWSON	 '),
(11, 26, 77, '	TRELEW	 '),
(23, 26, 84, '	RIO MAYO	 '),
(4, 26, 84, '	ALTO RIO SENGUER	 '),
(12, 26, 91, '	SARMIENTO	 '),
(3, 26, 91, '	CHACRAS DE SARMIENTO	 '),
(8, 26, 98, '	GOBERNADOR COSTA	 '),
(9, 26, 98, '	JOSE DE SAN MARTIN	 '),
(13, 30, 105, '	VICTORIA	 '),
(42, 30, 113, '	VILLAGUAY	 '),
(43, 30, 113, '	VILLAGUAY ESTE	 '),
(14, 30, 15, '	COLONIA YERUA	 '),
(15, 30, 15, '	CONCORDIA	 '),
(20, 30, 21, '	DIAMANTE	 '),
(23, 30, 21, '	GENERAL RAMIREZ	 '),
(29, 30, 21, '	VILLA LIBERTADOR SAN MARTIN	 '),
(38, 30, 21, '	ISLETAS	 '),
(8, 30, 21, '	ALDEA VALLE MARIA	 '),
(1, 30, 28, '	CHAJARI	 '),
(10, 30, 28, '	FEDERACION	 '),
(12, 30, 28, '	LOS CONQUISTADORES	 '),
(15, 30, 28, '	SAN JAIME DE LA FRONTERA	 '),
(19, 30, 28, '	VILLA DEL ROSARIO	 '),
(40, 30, 28, '	FEDERACION	 '),
(15, 30, 35, '	CONSCRIPTO BERNARDI	 '),
(17, 30, 35, '	EL CIMARRON	 '),
(25, 30, 35, '	FEDERAL	 '),
(12, 30, 42, '	SAN JOSE FELICIANO	 '),
(4, 30, 49, '	ESTACION LAZO	 '),
(5, 30, 49, '	GENERAL GALARZA	 '),
(7, 30, 49, '	GUALEGUAY	 '),
(16, 30, 56, '	GUALEGUAYCHU	 '),
(19, 30, 56, '	LARROQUE	 '),
(26, 30, 56, '	URDINARRAIN	 '),
(13, 30, 63, '	IBICUY	 '),
(21, 30, 63, '	VILLA PARANACITO	 '),
(29, 30, 63, '	DISTRITO PARANACITO	 '),
(23, 30, 70, '	EL QUEBRACHO	 '),
(30, 30, 70, '	LA PAZ	 '),
(44, 30, 70, '	SANTA ELENA	 '),
(52, 30, 70, '	COLONIA SAN CARLOS	 '),
(8, 30, 70, '	BOVRIL	 '),
(21, 30, 77, '	NOGOYA	 '),
(32, 30, 77, '	CRUCESITAS SEPTIMA	 '),
(4, 30, 77, '	ARANGUREN	 '),
(14, 30, 8, '	COLONIA EL CARMEN	 '),
(48, 30, 8, '	VILLA ELISA	 '),
(8, 30, 8, '	COLON	 '),
(12, 30, 84, '	CERRITO	 '),
(21, 30, 84, '	CRESPO	 '),
(31, 30, 84, '	HERNANDARIAS	 '),
(35, 30, 84, '	LA PICADA	 '),
(36, 30, 84, '	LAS TUNAS	 '),
(37, 30, 84, '	MARIA GRANDE	 '),
(41, 30, 84, '	PARANA	 '),
(50, 30, 84, '	SAN BENITO	 '),
(53, 30, 84, '	SEGUI	 '),
(55, 30, 84, '	TABOSSI	 '),
(57, 30, 84, '	VIALE	 '),
(59, 30, 84, '	VILLA GOBERNADOR LUIS F. ETCHEVEHERE	 '),
(60, 30, 84, '	VILLA URQUIZA	 '),
(75, 30, 84, '	ORO VERDE	 '),
(12, 30, 88, '	COLONIA SAN SALVADOR	 '),
(16, 30, 88, '	COLONIA LA PERLA	 '),
(5, 30, 88, '	SAN SALVADOR	 '),
(7, 30, 88, '	GENERAL CAMPOS	 '),
(16, 30, 91, '	GOBERNADOR MANSILLA	 '),
(19, 30, 91, '	MACIA	 '),
(22, 30, 91, '	ROSARIO DEL TALA	 '),
(18, 30, 98, '	COLONIA SANTA ANITA	 '),
(19, 30, 98, '	CONCEPCION DEL URUGUAY	 '),
(3, 30, 98, '	BASAVILBASO	 '),
(35, 30, 98, '	SAN JUSTO	 '),
(36, 30, 98, '	SANTA ANITA	 '),
(7, 30, 98, '	COLONIA BASAVILBASO	 '),
(124, 34, 14, '	SAN HILARIO	 '),
(158, 34, 14, '	MARIANO BOEDO	 '),
(160, 34, 14, '	PUENTE SAN HILARIO	 '),
(161, 34, 14, '	VILLA TRINIDAD	 '),
(20, 34, 14, '	COLONIA PASTORIL	 '),
(51, 34, 14, '	FORMOSA	 '),
(55, 34, 14, '	GRAN GUARDIA	 '),
(95, 34, 14, '	MOJON DE FIERRO	 '),
(104, 34, 21, '	TATANE	 '),
(110, 34, 21, '	VILLA ESCOLAR	 '),
(2, 34, 21, '	BANCO PAYAGUA	 '),
(56, 34, 21, '	GENERAL LUCIO V. MANSILLA	 '),
(62, 34, 21, '	HERRADURA	 '),
(97, 34, 21, '	SAN FRANCISCO DE LAISHI	 '),
(101, 34, 35, '	COMANDANTE FONTANA	 '),
(176, 34, 35, '	EL RECREO	 '),
(221, 34, 35, '	ESTANISLAO DEL CAMPO	 '),
(248, 34, 35, '	FORTIN CABO 1° LUGONES	 '),
(265, 34, 35, '	IBARRETA	 '),
(272, 34, 35, '	JUAN G. BAZAN	 '),
(369, 34, 35, '	LAS LOMITAS	 '),
(483, 34, 35, '	POSTA CAMBIO ZALAZAR	 '),
(498, 34, 35, '	POZO DEL TIGRE	 '),
(578, 34, 35, '	SUBTENIENTE PERIN	 '),
(605, 34, 35, '	VILLA GENERAL GÜEMES	 '),
(606, 34, 35, '	VILLA GENERAL MANUEL BELGRANO	 '),
(617, 34, 35, '	BARTOLOME DE LAS CASAS	 '),
(619, 34, 35, '	COLONIA BARTOLOME DE LAS CASAS	 '),
(94, 34, 35, '	COLONIA SARMIENTO	 '),
(23, 34, 42, '	EL ESPINILLO	 '),
(47, 34, 42, '	LAGUNA GALLO	 '),
(58, 34, 42, '	MISION TACAAGLE	 '),
(63, 34, 42, '	PORTON NEGRO	 '),
(8, 34, 42, '	BUENA VISTA	 '),
(87, 34, 42, '	TRES LAGUNAS	 '),
(105, 34, 49, '	RIACHO HE-HE	 '),
(113, 34, 49, '	SIETE PALMAS	 '),
(127, 34, 49, '	LAGUNA BLANCA	 '),
(13, 34, 49, '	CLORINDA	 '),
(131, 34, 49, '	RIACHO NEGRO	 '),
(75, 34, 49, '	LAGUNA BLANCA	 '),
(91, 34, 49, '	PALMA SOLA	 '),
(97, 34, 49, '	PUERTO PILCOMAYO	 '),
(210, 34, 56, '	MONTE QUEMADO	 '),
(226, 34, 56, '	PALO SANTO	 '),
(231, 34, 56, '	PIRANE	 '),
(307, 34, 56, '	LOMA SENES SUR	 '),
(308, 34, 56, '	LOTE 31 MAYOR VILLAFAÑE	 '),
(309, 34, 56, '	Villa Dos Trece	 '),
(45, 34, 56, '	COLONIA CAMPO VILLAFAÑE	 '),
(47, 34, 56, '	COLONIA EL ALBA	 '),
(52, 34, 56, '	COLONIA EL PALMAR	 '),
(91, 34, 56, '	EL COLORADO	 '),
(30, 34, 63, '	EL POTRILLO	 '),
(60, 34, 63, '	LOTE 8	 '),
(93, 34, 63, '	EL CHORRO	 '),
(96, 34, 63, '	EL QUEBRACHO	 '),
(102, 34, 7, '	GUADALCAZAR	 '),
(134, 34, 7, '	LA RINCONADA	 '),
(145, 34, 7, '	LAGUNA YEMA	 '),
(162, 34, 7, '	LOS CHIRIGUANOS	 '),
(198, 34, 7, '	POZO DE MAZA	 '),
(245, 34, 7, '	LAGUNA YACARE	 '),
(57, 38, 105, '	VALLE GRANDE	 '),
(48, 38, 112, '	LA QUIACA	 '),
(93, 38, 112, '	YAVI	 '),
(17, 38, 14, '	EL CARMEN	 '),
(31, 38, 14, '	MONTERRICO	 '),
(35, 38, 14, '	PERICO	 '),
(36, 38, 14, '	PUESTO VIEJO	 '),
(80, 38, 21, '	SAN SALVADOR DE JUJUY	 '),
(36, 38, 28, '	EL AGUILAR	 '),
(42, 38, 28, '	HUMAHUACA	 '),
(120, 38, 35, '	YUTO	 '),
(22, 38, 35, '	CALILEGUA	 '),
(54, 38, 35, '	FRAILE PINTADO	 '),
(64, 38, 35, '	LIBERTADOR GENERAL SAN MARTIN	 '),
(25, 38, 42, '	PALPALA	 '),
(8, 38, 42, '	EL BRETE	 '),
(25, 38, 63, '	LA MENDIETA	 '),
(58, 38, 63, '	SAN LUCAS	 '),
(2, 38, 7, '	ABRA PAMPA	 '),
(121, 38, 70, '	VINALITO	 '),
(34, 38, 70, '	EL FUERTE	 '),
(36, 38, 70, '	EL PIQUETE	 '),
(14, 38, 77, '	CIENEGUILLAS	 '),
(1, 38, 84, '	SUSQUES	 '),
(44, 38, 94, '	MAIMARA	 '),
(72, 38, 94, '	TILCARA	 '),
(28, 38, 98, '	EL MORENO	 '),
(70, 38, 98, '	PURMAMARCA	 '),
(4, 42, 105, '	GENERAL PICO	 '),
(6, 42, 105, '	SPELUZZI	 '),
(1, 42, 112, '	25 DE MAYO	 '),
(9, 42, 119, '	QUEMU QUEMU	 '),
(1, 42, 126, '	CALEUFU	 '),
(12, 42, 126, '	RANCUL	 '),
(10, 42, 133, '	REALICO	 '),
(7, 42, 133, '	INGENIERO LUIGGI	 '),
(8, 42, 140, '	TOAY	 '),
(1, 42, 147, '	ARATA	 '),
(11, 42, 154, '	QUEHUE	 '),
(7, 42, 154, '	GENERAL ACHA	 '),
(8, 42, 21, '	SANTA ROSA	 '),
(5, 42, 35, '	EDUARDO CASTEX	 '),
(2, 42, 56, '	CEBALLOS	 '),
(5, 42, 56, '	INTENDENTE ALVEAR	 '),
(6, 42, 7, '	MACACHIN	 '),
(1, 42, 70, '	ALPACHIRI	 '),
(5, 42, 70, '	GUATRACHE	 '),
(9, 42, 70, '	SANTA TERESA	 '),
(7, 42, 77, '	JACINTO ARAUZ	 '),
(8, 42, 98, '	TELEN	 '),
(9, 42, 98, '	VICTORICA	 '),
(18, 46, 112, '	CHEPES	 '),
(21, 46, 112, '	DESIDERIO TELLO	 '),
(41, 46, 112, '	EL TOTORAL	 '),
(12, 46, 119, '	LOS ROBLES	 '),
(15, 46, 14, '	LA RIOJA	 '),
(48, 46, 14, '	COLONIA FRUTIHORTICOLA	 '),
(10, 46, 21, '	PINCHAS	 '),
(2, 46, 21, '	AMINGA	 '),
(3, 46, 21, '	ANILLACO	 '),
(16, 46, 28, '	LOS PALACIOS	 '),
(18, 46, 28, '	LOS TAMBILLOS	 '),
(25, 46, 28, '	VILLA UNION	 '),
(8, 46, 28, '	GUANDACOL	 '),
(5, 46, 35, '	CHAMICAL	 '),
(1, 46, 42, '	CHILECITO	 '),
(15, 46, 42, '	NONOGASTA	 '),
(2, 46, 42, '	COLONIA ANGUINAN	 '),
(20, 46, 42, '	TILIMUQUI	 '),
(21, 46, 42, '	VICHIGASTA	 '),
(22, 46, 42, '	LOS SARMIENTOS	 '),
(11, 46, 49, '	FAMATINA	 '),
(17, 46, 49, '	PITUIL	 '),
(39, 46, 56, '	TAMA	 '),
(37, 46, 63, '	OLTA	 '),
(7, 46, 63, '	CHAÑAR	 '),
(1, 46, 7, '	AIMOGASTA	 '),
(14, 46, 7, '	VILLA MAZAN	 '),
(16, 46, 7, '	MACHIGASTA	 '),
(41, 46, 70, '	MALANZAN	 '),
(45, 46, 70, '	PORTEZUELO	 '),
(9, 46, 77, '	VILLA CASTELLI	 '),
(49, 46, 84, '	MILAGRO	 '),
(54, 46, 84, '	OLPAS	 '),
(68, 46, 84, '	SANTA RITA DE CATUNA	 '),
(59, 46, 91, '	ULAPES	 '),
(6, 46, 98, '	VILLA SAN JOSE DE VINCHINA	 '),
(23, 50, 105, '	EL CERRITO	 '),
(26, 50, 105, '	EL SOSNEADO	 '),
(34, 50, 105, '	JAIME PRATS	 '),
(36, 50, 105, '	LA LLAVE	 '),
(37, 50, 105, '	LAS MALVINAS	 '),
(38, 50, 105, '	LAS PAREDES	 '),
(39, 50, 105, '	MONTE COMAN	 '),
(44, 50, 105, '	PUNTA DEL AGUA	 '),
(45, 50, 105, '	RAMA CAIDA	 '),
(46, 50, 105, '	REAL DEL PADRE	 '),
(51, 50, 105, '	SAN RAFAEL	 '),
(54, 50, 105, '	VILLA ATUEL - INCLUYE BARRIO ARIZU	 '),
(55, 50, 105, '	VILLA ATUEL NORTE	 '),
(14, 50, 112, '	LAS CATITAS	 '),
(18, 50, 112, '	SANTA ROSA	 '),
(12, 50, 119, '	TUNUYAN	 '),
(14, 50, 119, '	VISTA FLORES	 '),
(2, 50, 119, '	COLONIA LAS ROSAS	 '),
(13, 50, 126, '	TUPUNGATO	 '),
(3, 50, 126, '	CORDON DEL PLATA	 '),
(1, 50, 14, '	BOWEN	 '),
(12, 50, 14, '	GENERAL ALVEAR	 '),
(25, 50, 14, '	SAN PEDRO DEL ATUEL	 '),
(26, 50, 14, '	GENERAL ALVEAR OESTE	 '),
(2, 50, 21, '	GOBERNADOR BENEGAS (GODOY CRUZ)	 '),
(3, 50, 21, '	GODOY CRUZ	 '),
(4, 50, 21, '	LAS TORTUGAS (GODOY CRUZ)	 '),
(6, 50, 21, '	PRESIDENTE SARMIENTO (GODOY CRUZ)	 '),
(7, 50, 21, '	SAN FRANCISCO DEL MONTE (GODOY CRUZ)	 '),
(9, 50, 21, '	VILLA HIPODROMO (GODOY CRUZ)	 '),
(12, 50, 28, '	KILOMETRO 11 (GUAYMALLEN)	 '),
(22, 50, 28, '	RODEO DE LA CRUZ (GUAYMALLEN)	 '),
(25, 50, 28, '	VILLA LOS CORRALITOS	 '),
(26, 50, 28, '	VILLA NUEVA (GUAYMALLEN)	 '),
(3, 50, 35, '	INGENIERO GIAGNONI	 '),
(5, 50, 35, '	JUNIN	 '),
(6, 50, 35, '	LA COLONIA	 '),
(7, 50, 35, '	LOS BARRIALES	 '),
(11, 50, 42, '	VILLA ANTIGUA	 '),
(3, 50, 42, '	DESAGUADERO	 '),
(6, 50, 42, '	LA PAZ	 '),
(10, 50, 49, '	EL RESGUARDO (LAS HERAS)	 '),
(11, 50, 49, '	EL ZAPALLAR (LAS HERAS)	 '),
(19, 50, 49, '	LAS HERAS	 '),
(30, 50, 49, '	USPALLATA	 '),
(9, 50, 49, '	EL PLUMERILLO (LAS HERAS)	 '),
(18, 50, 56, '	INGENIERO GUSTAVO ANDRE	 '),
(19, 50, 56, '	JOCOLI VIEJO	 '),
(33, 50, 56, '	VILLA TULUMAYA	 '),
(6, 50, 56, '	COSTA DE ARAUJO	 '),
(1, 50, 63, '	AGRELO	 '),
(15, 50, 63, '	LUJAN DE CUYO	 '),
(19, 50, 63, '	POTRERILLOS	 '),
(20, 50, 63, '	UGARTECHE	 '),
(8, 50, 63, '	CARRODILLA (LUJAN DE CUYO)	 '),
(9, 50, 63, '	CHACRAS DE CORIA - INCLUYE EST. PASO DE LOS ANDES'),
(2, 50, 7, '	MENDOZA	 '),
(1, 50, 70, '	BAJO LUNLUNTA	 '),
(10, 50, 70, '	FRAY LUIS BELTRAN	 '),
(11, 50, 70, '	GENERAL GUTIERREZ (MAIPU)	 '),
(16, 50, 70, '	LUNLUNTA	 '),
(17, 50, 70, '	LUZURIAGA (MAIPU)	 '),
(18, 50, 70, '	MAIPU	 '),
(21, 50, 70, '	RODEO DEL MEDIO	 '),
(23, 50, 70, '	SAN ROQUE	 '),
(27, 50, 70, '	TRES ESQUINAS	 '),
(7, 50, 70, '	CRUZ DE PIEDRA	 '),
(1, 50, 77, '	AGUA ESCONDIDA	 '),
(16, 50, 77, '	MALARGÜE	 '),
(9, 50, 77, '	LA JUNTA	 '),
(14, 50, 84, '	LA LIBERTAD	 '),
(19, 50, 84, '	MEDRANO	 '),
(24, 50, 84, '	RIVADAVIA	 '),
(25, 50, 84, '	SANTA MARIA DE ORO - INCLUYE BARRIO AZURDUY	 '),
(4, 50, 84, '	BARRIO RIVADAVIA	 '),
(14, 50, 91, '	PAREDITAS	 '),
(16, 50, 91, '	SAN CARLOS	 '),
(3, 50, 91, '	CHILECITO	 '),
(7, 50, 91, '	EUGENIO BUSTOS	 '),
(8, 50, 91, '	LA CONSULTA	 '),
(1, 50, 98, '	ALTO SALVADOR	 '),
(14, 50, 98, '	MONTECASEROS	 '),
(17, 50, 98, '	PALMIRA	 '),
(18, 50, 98, '	SAN MARTIN	 '),
(19, 50, 98, '	TRES PORTEÑAS	 '),
(2, 50, 98, '	ALTO VERDE	 '),
(5, 50, 98, '	CHAPANAY	 '),
(11, 54, 105, '	SAN JAVIER	 '),
(8, 54, 105, '	PICADA SAN JAVIER	 '),
(7, 54, 112, '	SAN PEDRO	 '),
(8, 54, 112, '	POZO AZUL	 '),
(1, 54, 119, '	25 DE MAYO	 '),
(20, 54, 119, '	SANTA RITA	 '),
(6, 54, 119, '	COLONIA AURORA	 '),
(1, 54, 14, '	1° DE MAYO	 '),
(2, 54, 14, '	ARISTOBULO DEL VALLE	 '),
(4, 54, 14, '	CAMPO GRANDE	 '),
(10, 54, 21, '	MARTIRES	 '),
(13, 54, 21, '	SANTA ANA	 '),
(2, 54, 21, '	BONPLAND	 '),
(22, 54, 21, '	PUERTO SANTA ANA	 '),
(3, 54, 21, '	CANDELARIA	 '),
(4, 54, 21, '	CERRO CORA	 '),
(6, 54, 21, '	COLONIA MARTIRES	 '),
(9, 54, 21, '	LORETO	 '),
(12, 54, 28, '	POSADAS	 '),
(18, 54, 28, '	FACHINAL	 '),
(9, 54, 28, '	GARUPA	 '),
(10, 54, 35, '	SAN JUAN DE LA SIERRA	 '),
(11, 54, 35, '	SANTA MARIA	 '),
(2, 54, 35, '	COLONIA SANTA MARIA	 '),
(3, 54, 35, '	CONCEPCION DE LA SIERRA	 '),
(1, 54, 42, '	9 DE JULIO	 '),
(11, 54, 42, '	PUERTO DELICIA	 '),
(16, 54, 42, '	SANTIAGO DE LINIERS	 '),
(3, 54, 42, '	COLONIA VICTORIA	 '),
(6, 54, 42, '	ELDORADO	 '),
(17, 54, 49, '	SAN ANTONIO	 '),
(2, 54, 49, '	BERNARDO DE IRIGOYEN	 '),
(20, 54, 49, '	CMTE. ANDRES GUACURARI	 '),
(19, 54, 56, '	SAN VICENTE	 '),
(5, 54, 56, '	EL SOBERBIO	 '),
(14, 54, 63, '	PUERTO IGUAZU	 '),
(16, 54, 63, '	PUERTO LIBERTAD	 '),
(31, 54, 63, '	PUERTO ESPERANZA	 '),
(7, 54, 63, '	ESPERANZA	 '),
(8, 54, 63, '	LIBERTAD	 '),
(1, 54, 7, '	APOSTOLES	 '),
(17, 54, 7, '	SAN JOSE	 '),
(4, 54, 7, '	COLONIA APOSTOLES	 '),
(5, 54, 7, '	COLONIA SAN JOSE	 '),
(12, 54, 70, '	GOBERNADOR LOPEZ	 '),
(14, 54, 70, '	LEANDRO N. ALEM	 '),
(17, 54, 70, '	OLEGARIO V. ANDRADE	 '),
(2, 54, 70, '	ARROYO DEL MEDIO	 '),
(4, 54, 70, '	CERRO AZUL	 '),
(10, 54, 77, '	EL ALCAZAR	 '),
(11, 54, 77, '	GARUHAPE	 '),
(2, 54, 77, '	CAPIOVI	 '),
(21, 54, 77, '	PUERTO RICO	 '),
(22, 54, 77, '	RUIZ DE MONTOYA	 '),
(4, 54, 77, '	COLONIA EL ALCAZAR	 '),
(1, 54, 84, '	CARAGUATAY	 '),
(13, 54, 84, '	PUERTO PIRAY	 '),
(2, 54, 84, '	COLONIA CARAGUATAY	 '),
(9, 54, 84, '	MONTECARLO	 '),
(12, 54, 91, '	LOS HELECHOS	 '),
(14, 54, 91, '	OBERA	 '),
(2, 54, 91, '	CAMPO RAMON	 '),
(3, 54, 91, '	CAMPO VIERA	 '),
(11, 54, 98, '	JARDIN AMERICA	 '),
(22, 54, 98, '	SAN IGNACIO	 '),
(23, 54, 98, '	SANTO PIPO	 '),
(3, 54, 98, '	CORPUS	 '),
(8, 54, 98, '	GOBERNADOR ROCA	 '),
(21, 58, 105, '	LAS LAJAS	 '),
(33, 58, 112, '	MARIANO MORENO	 '),
(51, 58, 112, '	ZAPALA	 '),
(1, 58, 14, '	AÑELO	 '),
(27, 58, 14, '	SAN PATRICIO DEL CHAÑAR	 '),
(36, 58, 21, '	LAS COLORADAS	 '),
(18, 58, 28, '	PIEDRA DEL AGUILA	 '),
(14, 58, 35, '	CUTRAL CO	 '),
(22, 58, 35, '	NEUQUEN	 '),
(26, 58, 35, '	PLAZA HUINCUL	 '),
(27, 58, 35, '	PLOTTIER	 '),
(35, 58, 35, '	SAUZAL BONITO	 '),
(36, 58, 35, '	SENILLOSA	 '),
(6, 58, 35, '	CENTENARIO	 '),
(15, 58, 42, '	CHOS MALAL	 '),
(13, 58, 49, '	JUNIN DE LOS ANDES	 '),
(38, 58, 56, '	SAN MARTIN DE LOS ANDES	 '),
(18, 58, 63, '	LONCOPUE	 '),
(1, 58, 7, '	VILLA PEHUENIA	 '),
(3, 58, 7, '	ALUMINE	 '),
(37, 58, 70, '	VILLA LA ANGOSTURA	 '),
(2, 58, 77, '	ANDACOLLO	 '),
(26, 58, 77, '	HUINGANCO	 '),
(32, 58, 77, '	LAS OVEJAS	 '),
(13, 58, 84, '	EL CHOLAR	 '),
(36, 58, 91, '	RINCON DE LOS SAUCES	 '),
(8, 58, 91, '	BUTA RANQUIL	 '),
(13, 58, 98, '	PICUN LEUFU	 '),
(28, 6, 105, '	SAN CARLOS DE BOLIVAR	 '),
(12, 6, 112, '	LA LIMPIA	 '),
(3, 6, 112, '	BRAGADO	 '),
(10, 6, 119, '	JEPPENER	 '),
(3, 6, 119, '	CORONEL BRANDSEN	 '),
(5, 6, 126, '	CAMPANA	 '),
(6, 6, 134, '	CAÑUELAS	 '),
(1, 6, 14, '	ADOLFO GONZALES CHAVES	 '),
(3, 6, 140, '	CAPITAN SARMIENTO	 '),
(3, 6, 147, '	CADRET	 '),
(4, 6, 147, '	CARLOS CASARES	 '),
(25, 6, 154, '	TRES ALGARROBOS	 '),
(3, 6, 154, '	CARLOS TEJEDOR	 '),
(1, 6, 161, '	CARMEN DE ARECO	 '),
(2, 6, 161, '	TRES SARGENTOS	 '),
(2, 6, 175, '	COLON	 '),
(17, 6, 182, '	PUNTA ALTA	 '),
(2, 6, 182, '	BAJO HONDO	 '),
(34, 6, 182, '	PUERTO BELGRANO	 '),
(1, 6, 189, '	APARICIO	 '),
(6, 6, 189, '	CORONEL DORREGO	 '),
(7, 6, 189, '	Oriente	 '),
(4, 6, 196, '	CORONEL PRINGLES	 '),
(25, 6, 203, '	SANTA MARIA	 '),
(4, 6, 203, '	CORONEL SUAREZ	 '),
(9, 6, 203, '	HUANGUELEN	 '),
(1, 6, 21, '	ALBERTI	 '),
(1, 6, 210, '	CHACABUCO	 '),
(3, 6, 218, '	CHASCOMUS	 '),
(10, 6, 224, '	MOQUEHUA	 '),
(2, 6, 224, '	CHIVILCOY	 '),
(27, 6, 231, '	SALAZAR	 '),
(4, 6, 231, '	ARBOLEDAS	 '),
(8, 6, 231, '	DAIREAUX	 '),
(2, 6, 238, '	DOLORES	 '),
(5, 6, 245, '	ENSENADA	 '),
(1, 6, 252, '	BELEN DE ESCOBAR	 '),
(5, 6, 252, '	GARIN	 '),
(6, 6, 252, '	INGENIERO MASCHWITZ	 '),
(7, 6, 252, '	MAQUINISTA F SAVIO	 '),
(1, 6, 260, '	9 DE ABRIL	 '),
(2, 6, 260, '	EL JAGÜEL	 '),
(5, 6, 260, '	LUIS GUILLON	 '),
(7, 6, 260, '	MONTE GRANDE	 '),
(8, 6, 260, '	CANNING	 '),
(10, 6, 266, '	DIEGO GAYNOR	 '),
(19, 6, 266, '	PARADA ROBLES	 '),
(6, 6, 266, '	CAPILLA DEL SEÑOR	 '),
(2, 6, 270, '	CARLOS SPEGAZZIN	 '),
(4, 6, 270, '	LA UNION	 '),
(5, 6, 270, '	TRISTAN SUAREZ	 '),
(9, 6, 270, '	EZEIZA	 '),
(2, 6, 274, '	COLONIA LA CAPILLA	 '),
(5, 6, 274, '	FLORENCIO VARELA	 '),
(7, 6, 274, '	INGENIERO JUAN ALLAN	 '),
(5, 6, 277, '	FLORENTINO AMEGHINO	 '),
(11, 6, 28, '	MINISTRO RIVADAVIA	 '),
(15, 6, 28, '	ADROGUE	 '),
(2, 6, 28, '	BARRIO SAN JOSE	 '),
(20, 6, 28, '	SAN JOSE	 '),
(21, 6, 28, '	RAFAEL CALZADA	 '),
(3, 6, 28, '	BURZACO	 '),
(4, 6, 28, '	CLAYPOLE	 '),
(6, 6, 28, '	GLEW	 '),
(8, 6, 28, '	LONGCHAMPS	 '),
(17, 6, 280, '	MECHONGUE	 '),
(18, 6, 280, '	MIRAMAR	 '),
(2, 6, 280, '	COMANDANTE NICANOR OTAMENDI	 '),
(22, 6, 280, '	SAN JOSE DE OTAMENDI	 '),
(23, 6, 280, '	CTE.OTAMENDI	 '),
(19, 6, 287, '	GRAL ALVEAR	 '),
(8, 6, 287, '	GENERAL ALVEAR	 '),
(1, 6, 294, '	ARRIBEÑOS	 '),
(12, 6, 294, '	ESTACION ARENALES	 '),
(15, 6, 294, '	FERRE	 '),
(16, 6, 294, '	GENERAL ARENALES	 '),
(5, 6, 301, '	GENERAL BELGRANO	 '),
(4, 6, 308, '	GENERAL GUIDO	 '),
(8, 6, 308, '	LABARDEN	 '),
(6, 6, 315, '	GENERAL JUAN MADARIAGA	 '),
(16, 6, 322, '	PONTAUT	 '),
(5, 6, 322, '	GENERAL LA MADRID	 '),
(3, 6, 329, '	GENERAL LAS HERAS	 '),
(3, 6, 336, '	GENERAL LAVALLE	 '),
(3, 6, 343, '	LOMA VERDE	 '),
(6, 6, 343, '	RANCHOS	 '),
(1, 6, 35, '	AVELLANEDA	 '),
(11, 6, 35, '	SARANDI	 '),
(12, 6, 35, '	VILLA DOMINICO	 '),
(13, 6, 35, '	WILDE	 '),
(6, 6, 35, '	DOCK SUD	 '),
(7, 6, 35, '	GERLI	 '),
(9, 6, 35, '	PIÑEYRO	 '),
(6, 6, 351, '	GENERAL PINTO	 '),
(7, 6, 351, '	GERMANIA	 '),
(20, 6, 357, '	MAR DEL PLATA	 '),
(24, 6, 357, '	SIERRA DE LOS PADRES	 '),
(9, 6, 357, '	BATAN	 '),
(3, 6, 364, '	GENERAL RODRIGUEZ	 '),
(1, 6, 371, '	BARRIO PARQUE GENERAL SAN MARTIN	 '),
(11, 6, 371, '	SAN ANDRES	 '),
(14, 6, 371, '	VILLA BONICH	 '),
(4, 6, 371, '	CIUDAD VILLA BALLESTER	 '),
(40, 6, 371, '	LOMA HERMOSA	 '),
(7, 6, 371, '	GENERAL SAN MARTIN	 '),
(8, 6, 371, '	JOSE LEON SUAREZ	 '),
(10, 6, 385, '	LOS BOSQUES	 '),
(13, 6, 385, '	LOS TOLDOS	 '),
(14, 6, 392, '	GENERAL VILLEGAS	 '),
(25, 6, 392, '	PIEDRITAS	 '),
(10, 6, 399, '	GARRE	 '),
(11, 6, 399, '	GUAMINI	 '),
(4, 6, 399, '	CASBAS	 '),
(3, 6, 406, '	HENDERSON	 '),
(2, 6, 408, '	HURLINGHAM	 '),
(3, 6, 408, '	VILLA TESEI	 '),
(2, 6, 410, '	ITUZAINGO	 '),
(3, 6, 410, '	VILLA GOBERNADOR UDAONDO	 '),
(2, 6, 412, '	Jose C Paz	 '),
(12, 6, 413, '	JUNIN	 '),
(1, 6, 42, '	AYACUCHO	 '),
(10, 6, 420, '	SAN CLEMENTE DEL TUYU	 '),
(11, 6, 420, '	SANTA TERESITA	 '),
(15, 6, 420, '	MAR DE AJO NORTE	 '),
(4, 6, 420, '	MAR DE AJO	 '),
(5, 6, 420, '	MAR DEL TUYU	 '),
(10, 6, 427, '	RAFAEL CASTILLO	 '),
(11, 6, 427, '	RAMOS MEJIA	 '),
(12, 6, 427, '	SAN JUSTO	 '),
(13, 6, 427, '	TAPIALES	 '),
(14, 6, 427, '	VILLA LUZURIAGA	 '),
(15, 6, 427, '	VILLA MADERO	 '),
(16, 6, 427, '	VIRREY DEL PINO	 '),
(2, 6, 427, '	ALDO BONZI	 '),
(20, 6, 427, '	LOMAS DE MIRADOR	 '),
(24, 6, 427, '	VILLA CELINA	 '),
(3, 6, 427, '	CIUDAD EVITA	 '),
(5, 6, 427, '	GONZALEZ CATAN	 '),
(6, 6, 427, '	GREGORIO DE LAFERRERE	 '),
(7, 6, 427, '	ISIDRO CASANOVA	 '),
(8, 6, 427, '	LA TABLADA	 '),
(12, 6, 434, '	LANUS	 '),
(30, 6, 434, '	LANUS ESTE	 '),
(31, 6, 434, '	LANUS OESTE	 '),
(7, 6, 434, '	REMEDIOS DE ESCALADA DE SAN MARTIN	 '),
(8, 6, 434, '	VALENTIN ALSINA	 '),
(1, 6, 441, '	ABASTO	 '),
(26, 6, 441, '	LA PLATA	 '),
(53, 6, 441, '	LOS HORNOS	 '),
(58, 6, 441, '	MELCHOR ROMERO	 '),
(61, 6, 441, '	TOLOSA	 '),
(62, 6, 441, '	VILLA ELISA	 '),
(63, 6, 441, '	Lisandro Olmos	 '),
(8, 6, 448, '	LAPRIDA	 '),
(15, 6, 455, '	LAS FLORES	 '),
(14, 6, 462, '	JUAN BAUTISTA ALBERDI	 '),
(19, 6, 462, '	LEANDRO N. ALEM	 '),
(24, 6, 462, '	VEDIA	 '),
(3, 6, 462, '	COLONIA ALBERDI	 '),
(1, 6, 466, '	LEZAMA	 '),
(1, 6, 469, '	ARENAZA	 '),
(13, 6, 469, '	LAS TOSCAS	 '),
(15, 6, 469, '	LINCOLN	 '),
(18, 6, 469, '	ROBERTS	 '),
(23, 6, 476, '	LOBERIA	 '),
(3, 6, 476, '	NAPALEOFU	 '),
(1, 6, 483, '	ANTONIO CARBONI	 '),
(12, 6, 483, '	LOBOS	 '),
(5, 6, 49, '	AZUL	 '),
(7, 6, 49, '	CACHARI	 '),
(1, 6, 490, '	BANFIELD	 '),
(14, 6, 490, '	VILLA FIORITO	 '),
(18, 6, 490, '	INGENIERO BUDGE	 '),
(4, 6, 490, '	LLAVALLOL	 '),
(5, 6, 490, '	LOMAS DE ZAMORA	 '),
(7, 6, 490, '	TEMPERLEY	 '),
(22, 6, 497, '	JAUREGUI	 '),
(3, 6, 497, '	CORTINES	 '),
(9, 6, 497, '	LUJAN	 '),
(11, 6, 505, '	MAGDALENA	 '),
(5, 6, 505, '	GENERAL MANSILLA	 '),
(3, 6, 511, '	LAS ARMAS	 '),
(4, 6, 511, '	MAIPU	 '),
(1, 6, 515, '	GRAND BOURG	 '),
(2, 6, 515, '	INGENIERO ADOLFO SOURDEAUX	 '),
(3, 6, 515, '	LOS POLVORINES	 '),
(4, 6, 515, '	PABLO NOGUES	 '),
(5, 6, 515, '	TORTUGUITAS	 '),
(6, 6, 515, '	VILLA DE MAYO	 '),
(14, 6, 518, '	SANTA CLARA DEL MAR	 '),
(15, 6, 518, '	Mar Chiquita	 '),
(3, 6, 518, '	CORONEL VIDAL	 '),
(8, 6, 518, '	GENERAL PIRAN	 '),
(8, 6, 525, '	MARCOS PAZ	 '),
(11, 6, 532, '	MERCEDES	 '),
(6, 6, 532, '	GOWLAND	 '),
(1, 6, 539, '	BARRIO PARQUE SAN MARTIN	 '),
(3, 6, 539, '	LIBERTAD	 '),
(4, 6, 539, '	MARIANO ACOSTA	 '),
(5, 6, 539, '	MERLO	 '),
(8, 6, 539, '	SAN ANTONIO DE PADUA	 '),
(14, 6, 547, '	SAN MIGUEL DEL MONTE	 '),
(3, 6, 553, '	MONTE HERMOSO	 '),
(16, 6, 56, '	GENERAL DANIEL CERRI	 '),
(18, 6, 56, '	INGENIERO WHITE	 '),
(3, 6, 56, '	BAHIA BLANCA	 '),
(4, 6, 56, '	CABILDO	 '),
(2, 6, 560, '	CUARTEL V	 '),
(48, 6, 560, '	MORENO	 '),
(6, 6, 560, '	MARIANO MORENO	 '),
(8, 6, 560, '	PASO DEL REY	 '),
(80, 6, 560, '	PARQUE PASO DEL REY	 '),
(9, 6, 560, '	TRUJUI	 '),
(2, 6, 568, '	EL PALOMAR	 '),
(3, 6, 568, '	HAEDO	 '),
(4, 6, 568, '	MORON	 '),
(17, 6, 574, '	NAVARRO	 '),
(18, 6, 581, '	NECOCHEA	 '),
(21, 6, 581, '	QUEQUEN	 '),
(22, 6, 581, '	RAMON SANTAMARINA	 '),
(2, 6, 588, '	9 DE JULIO	 '),
(42, 6, 588, '	FRENCH	 '),
(15, 6, 595, '	ESPIGAS	 '),
(27, 6, 595, '	OLAVARRIA	 '),
(29, 6, 595, '	RECALDE	 '),
(35, 6, 595, '	SIERRA CHICA	 '),
(36, 6, 595, '	SIERRAS BAYAS	 '),
(4, 6, 602, '	CARMEN DE PATAGONES	 '),
(21, 6, 609, '	MAGDALA	 '),
(26, 6, 609, '	PEHUAJO	 '),
(35, 6, 609, '	FRANCISCO MADERO	 '),
(5, 6, 616, '	PELLEGRINI	 '),
(2, 6, 623, '	ACEVEDO	 '),
(27, 6, 623, '	MARIANO H ALFONZO	 '),
(31, 6, 623, '	PERGAMINO	 '),
(1, 6, 63, '	BALCARCE	 '),
(28, 6, 63, '	SAN AGUSTIN	 '),
(15, 6, 630, '	PILA	 '),
(12, 6, 638, '	PILAR	 '),
(13, 6, 638, '	PRESIDENTE DERQUI	 '),
(2, 6, 638, '	DEL VISO	 '),
(6, 6, 644, '	PINAMAR	 '),
(1, 6, 648, '	GUERNICA	 '),
(22, 6, 651, '	PUAN	 '),
(4, 6, 651, '	BORDENAVE	 '),
(5, 6, 651, '	DARREGUEIRA	 '),
(6, 6, 655, '	PUNTA INDIO	 '),
(8, 6, 655, '	VERONICA	 '),
(1, 6, 658, '	BERNAL	 '),
(39, 6, 658, '	BERNAL OESTE	 '),
(41, 6, 658, '	QUILMES OESTE	 '),
(5, 6, 658, '	EZPELETA	 '),
(8, 6, 658, '	QUILMES	 '),
(9, 6, 658, '	SAN FRANCISCO SOLANO	 '),
(13, 6, 665, '	PEREZ MILLAN	 '),
(14, 6, 665, '	RAMALLO	 '),
(16, 6, 665, '	VILLA RAMALLO	 '),
(24, 6, 672, '	RAUCH	 '),
(20, 6, 679, '	AMERICA	 '),
(8, 6, 679, '	FORTIN OLAVARRIA	 '),
(9, 6, 679, '	GONZALEZ MORENO	 '),
(29, 6, 686, '	ROJAS	 '),
(17, 6, 693, '	ROQUE PEREZ	 '),
(28, 6, 7, '	RIVERA	 '),
(6, 6, 7, '	CARHUE	 '),
(1, 6, 70, '	BARADERO	 '),
(9, 6, 70, '	IRINEO PORTELA	 '),
(13, 6, 700, '	GOYENA	 '),
(22, 6, 700, '	PIGÜE	 '),
(23, 6, 700, '	SAAVEDRA	 '),
(2, 6, 707, '	CAZON	 '),
(20, 6, 707, '	SALADILLO	 '),
(10, 6, 714, '	GAHAN	 '),
(23, 6, 714, '	SALTO	 '),
(5, 6, 721, '	SALLIQUELO	 '),
(14, 6, 728, '	SAN ANDRES DE GILES	 '),
(2, 6, 735, '	DUGGAN	 '),
(7, 6, 735, '	SAN ANTONIO DE ARECO	 '),
(15, 6, 742, '	SAN CAYETANO	 '),
(21, 6, 749, '	SAN FERNANDO	 '),
(23, 6, 749, '	VICTORIA	 '),
(24, 6, 749, '	VIRREYES	 '),
(38, 6, 749, '	SAN FERNANDO - ISLAS	 '),
(6, 6, 756, '	MARTINEZ	 '),
(8, 6, 756, '	SAN ISIDRO	 '),
(9, 6, 756, '	BOULOGNE	 '),
(2, 6, 760, '	CAMPO DE MAYO	 '),
(4, 6, 760, '	MUÑIZ	 '),
(5, 6, 760, '	SAN MIGUEL	 '),
(14, 6, 763, '	GENERAL ROJO	 '),
(3, 6, 763, '	CONESA	 '),
(5, 6, 763, '	LA EMILIA	 '),
(8, 6, 763, '	SAN NICOLAS DE LOS ARROYOS	 '),
(1, 6, 77, '	ARRECIFES	 '),
(34, 6, 770, '	SAN PEDRO	 '),
(35, 6, 770, '	SANTA LUCIA	 '),
(1, 6, 778, '	ALEJANDRO KORN	 '),
(8, 6, 778, '	SAN VICENTE	 '),
(3, 6, 784, '	GENERAL RIVAS	 '),
(6, 6, 784, '	SUIPACHA	 '),
(23, 6, 791, '	GARDEY	 '),
(44, 6, 791, '	TANDIL	 '),
(16, 6, 798, '	TAPALQUE	 '),
(1, 6, 805, '	BENAVIDEZ	 '),
(12, 6, 805, '	LOS TRONCOS DEL TALAR	 '),
(14, 6, 805, '	RICARDO ROJAS	 '),
(16, 6, 805, '	TIGRE	 '),
(6, 6, 805, '	DON TORCUATO	 '),
(8, 6, 805, '	EL TALAR	 '),
(9, 6, 805, '	GENERAL PACHECO	 '),
(3, 6, 812, '	GENERAL CONESA	 '),
(20, 6, 819, '	SIERRA DE LA VENTANA	 '),
(21, 6, 819, '	TORNQUIST	 '),
(23, 6, 819, '	VILLA VENTANA	 '),
(24, 6, 819, '	SALDUNGARAY	 '),
(1, 6, 826, '	30 DE AGOSTO	 '),
(2, 6, 826, '	BERUTTI	 '),
(25, 6, 826, '	MARI LAUQUEN	 '),
(29, 6, 826, '	TRENQUE LAUQUEN	 '),
(18, 6, 833, '	MICAELA CASCALLARES	 '),
(27, 6, 833, '	TRES ARROYOS	 '),
(16, 6, 84, '	TEDIN URIBURU	 '),
(2, 6, 84, '	BENITO JUAREZ	 '),
(10, 6, 840, '	LOMA HERMOSA	 '),
(13, 6, 840, '	PABLO PODESTA	 '),
(15, 6, 840, '	SAENZ PEÑA	 '),
(16, 6, 840, '	SANTOS LUGARES	 '),
(17, 6, 840, '	VILLA BOSCH	 '),
(18, 6, 840, '	VILLA RAFFO	 '),
(2, 6, 840, '	CASEROS	 '),
(4, 6, 840, '	CIUDAD JARDIN LOMAS DEL PALOMAR	 '),
(5, 6, 840, '	CIUDADELA	 '),
(4, 6, 847, '	TRES LOMAS	 '),
(1, 6, 854, '	25 DE MAYO	 '),
(24, 6, 854, '	NORBERTO DE LA RIESTRA	 '),
(34, 6, 854, '	VALDES	 '),
(6, 6, 854, '	DEL VALLE	 '),
(1, 6, 861, '	CARAPACHAY	 '),
(12, 6, 861, '	VILLA ADELINA	 '),
(13, 6, 861, '	VICENTE LOPEZ	 '),
(4, 6, 861, '	FLORIDA	 '),
(7, 6, 861, '	MUNRO	 '),
(9, 6, 861, '	OLIVOS	 '),
(5, 6, 868, '	VILLA GESELL	 '),
(17, 6, 875, '	HILARIO ASCASUBI	 '),
(26, 6, 875, '	MAYOR BURATOVICH	 '),
(27, 6, 875, '	MEDANOS	 '),
(34, 6, 875, '	PEDRO LURO	 '),
(10, 6, 882, '	LIMA	 '),
(12, 6, 882, '	ZARATE	 '),
(1, 6, 91, '	BERAZATEGUI	 '),
(10, 6, 91, '	PEREYRA	 '),
(11, 6, 91, '	PLATANOS	 '),
(13, 6, 91, '	RANELAGH	 '),
(15, 6, 91, '	VILLA ESPAÑA	 '),
(7, 6, 91, '	JUAN MARIA GUTIERREZ	 '),
(4, 6, 98, '	BERISSO	 '),
(27, 62, 14, '	LAMARQUE	 '),
(28, 62, 14, '	LUIS BELTRAN	 '),
(4, 62, 14, '	CHIMPAY	 '),
(5, 62, 14, '	CHOELE CHOEL	 '),
(25, 62, 21, '	SAN CARLOS DE BARILOCHE	 '),
(9, 62, 21, '	EL BOLSON	 '),
(13, 62, 28, '	GENERAL CONESA	 '),
(1, 62, 42, '	ALLEN	 '),
(13, 62, 42, '	CATRIEL	 '),
(14, 62, 42, '	CERVANTES	 '),
(16, 62, 42, '	CINCO SALTOS	 '),
(17, 62, 42, '	CIPOLLETTI	 '),
(27, 62, 42, '	GENERAL FERNANDEZ ORO	 '),
(28, 62, 42, '	GENERAL ROCA	 '),
(44, 62, 42, '	VILLA MANZANO	 '),
(45, 62, 42, '	VILLA REGINA	 '),
(29, 62, 49, '	SIERRA COLORADA	 '),
(12, 62, 63, '	RIO COLORADO	 '),
(22, 62, 7, '	VIEDMA	 '),
(10, 62, 70, '	PILCANIYEU	 '),
(8, 62, 70, '	COMALLO	 '),
(9, 62, 70, '	PILCANIYEU	 '),
(13, 62, 77, '	LAS GRUTAS	 '),
(20, 62, 77, '	SAN ANTONIO OESTE	 '),
(21, 62, 77, '	SIERRA GRANDE	 '),
(33, 62, 84, '	VALCHETA	 '),
(31, 62, 91, '	INGENIERO JACOBACCI	 '),
(40, 62, 91, '	LOS MENUCOS	 '),
(75, 66, 105, '	SAN ANTONIO DE LOS COBRES	 '),
(117, 66, 112, '	METAN VIEJO	 '),
(118, 66, 112, '	Metán	 '),
(30, 66, 112, '	EL GALPON	 '),
(29, 66, 119, '	LURACATAO	 '),
(30, 66, 119, '	MOLINOS	 '),
(172, 66, 126, '	PICHANAL	 '),
(210, 66, 126, '	SAN RAMON DE LA NUEVA ORAN	 '),
(220, 66, 126, '	URUNDEL	 '),
(23, 66, 126, '	COLONIA SANTA ROSA	 '),
(89, 66, 126, '	HIPOLITO YRIGOYEN	 '),
(227, 66, 133, '	LA UNION	 '),
(361, 66, 133, '	SANTA VICTORIA ESTE	 '),
(38, 66, 133, '	CORONEL JUAN SOLA	 '),
(60, 66, 14, '	PAYOGASTA	 '),
(8, 66, 14, '	CACHI	 '),
(218, 66, 140, '	ROSARIO DE LA FRONTERA	 '),
(9, 66, 140, '	ANTILLA	 '),
(157, 66, 147, '	ROSARIO DE LERMA	 '),
(158, 66, 147, '	LA SILLETA	 '),
(9, 66, 147, '	CAMPO QUIJANO	 '),
(148, 66, 154, '	SAN CARLOS	 '),
(8, 66, 21, '	CAFAYATE	 '),
(132, 66, 28, '	SALTA	 '),
(133, 66, 28, '	SAN LORENZO	 '),
(4, 66, 35, '	CERRILLOS	 '),
(15, 66, 42, '	CHICOANA	 '),
(31, 66, 42, '	EL CARRIL	 '),
(22, 66, 49, '	CAMPO SANTO	 '),
(37, 66, 49, '	EL BORDO	 '),
(82, 66, 49, '	GENERAL GÜEMES	 '),
(125, 66, 56, '	EMBARCACION	 '),
(142, 66, 56, '	GENERAL BALLIVIAN	 '),
(143, 66, 56, '	GENERAL MOSCONI	 '),
(291, 66, 56, '	PROFESOR SALVADOR MAZZA	 '),
(348, 66, 56, '	TARTAGAL	 '),
(349, 66, 56, '	CAPIAZUTI	 '),
(4, 66, 56, '	AGUARAY	 '),
(51, 66, 56, '	CORONEL CORNEJO	 '),
(58, 66, 56, '	DRAGONES	 '),
(40, 66, 63, '	GUACHIPAS	 '),
(117, 66, 7, '	EL QUEBRACHAL	 '),
(12, 66, 7, '	APOLINARIO SARAVIA	 '),
(244, 66, 7, '	JOAQUIN V. GONZALEZ	 '),
(308, 66, 7, '	LAS LAJITAS	 '),
(395, 66, 7, '	PIQUETE CABADO	 '),
(555, 66, 7, '	JOAQUIN V. GONZALEZ	 '),
(22, 66, 70, '	ISLA DE CAÑAS	 '),
(60, 66, 77, '	VAQUEROS	 '),
(1, 66, 84, '	La Candelaria	 '),
(51, 66, 91, '	LA POMA	 '),
(51, 66, 98, '	LA VIÑA	 '),
(8, 66, 98, '	CORONEL MOLDES	 '),
(14, 70, 105, '	LOS BERROS	 '),
(19, 70, 105, '	VILLA MEDIA AGUA	 '),
(2, 70, 105, '	CIENAGUITA	 '),
(3, 70, 105, '	COLONIA FISCAL	 '),
(1, 70, 119, '	ASTICA	 '),
(20, 70, 119, '	VILLA SAN AGUSTIN	 '),
(12, 70, 126, '	VILLA SANTA ROSA	 '),
(14, 70, 126, '	LAS CASUARINAS	 '),
(17, 70, 126, '	LA CHIMBERA	 '),
(3, 70, 126, '	EL ENCON	 '),
(9, 70, 126, '	TUPELI	 '),
(4, 70, 133, '	VILLA BASILIO NIEVAS	 '),
(5, 70, 133, '	ZONDA VIEJO	 '),
(4, 70, 14, '	LAS TAPIAS	 '),
(6, 70, 14, '	VILLA DEL SALVADOR	 '),
(9, 70, 14, '	EL PLUMERILLO	 '),
(17, 70, 21, '	TAMBERIAS	 '),
(3, 70, 21, '	BARREAL	 '),
(5, 70, 21, '	CALINGASTA	 '),
(3, 70, 28, '	SAN JUAN	 '),
(4, 70, 28, '	CONCEPCION	 '),
(5, 70, 28, '	TRINIDAD	 '),
(16, 70, 35, '	PIE DE PALO	 '),
(2, 70, 35, '	CAUCETE	 '),
(1, 70, 42, '	CHIMBAS	 '),
(13, 70, 42, '	VILLA OBRERA	 '),
(4, 70, 42, '	VILLA UNION	 '),
(5, 70, 42, '	VILLA OBSERVATORIO	 '),
(2, 70, 49, '	ANGUALASTO	 '),
(25, 70, 49, '	RODEO	 '),
(30, 70, 49, '	TUDCUM	 '),
(4, 70, 49, '	BELLA VISTA	 '),
(20, 70, 56, '	HUACO	 '),
(26, 70, 56, '	NIQUIVIL	 '),
(30, 70, 56, '	PAMPA VIEJA	 '),
(35, 70, 56, '	SAN ISIDRO	 '),
(36, 70, 56, '	SAN JOSE DE JACHAL	 '),
(39, 70, 56, '	VILLA MERCEDES	 '),
(1, 70, 63, '	9 DE JULIO	 '),
(5, 70, 63, '	LAS CHACRITAS	 '),
(1, 70, 7, '	CAMPO AFUERA	 '),
(11, 70, 7, '	EL TOPON	 '),
(7, 70, 7, '	VILLA GENERAL SAN MARTIN	 '),
(12, 70, 70, '	VILLA ABERASTAIN	 '),
(16, 70, 70, '	VILLA PAOLINI	 '),
(24, 70, 70, '	CAMPO DE BATALLA	 '),
(9, 70, 70, '	LA RINCONADA	 '),
(1, 70, 77, '	COLONIA MEDANO DE ORO	 '),
(10, 70, 77, '	VILLA KRAUSE	 '),
(2, 70, 77, '	COLONIA MEDANO DE ORO	 '),
(5, 70, 77, '	EL MEDANITO	 '),
(5, 70, 84, '	RIVADAVIA	 '),
(6, 70, 84, '	MARQUESADO	 '),
(8, 70, 84, '	LA BEBIDA	 '),
(10, 70, 91, '	LA PUNTILLA	 '),
(12, 70, 91, '	VILLA ALEM	 '),
(2, 70, 91, '	DOS ACEQUIAS	 '),
(5, 70, 91, '	SAN ISIDRO	 '),
(7, 70, 91, '	VILLA DOMINGUITO	 '),
(4, 70, 98, '	SANTA LUCIA	 '),
(5, 70, 98, '	LAS PIEDRITAS	 '),
(9, 70, 98, '	BARRIO BERMEJITO	 '),
(31, 74, 14, '	LA CALERA	 '),
(25, 74, 21, '	FRAGA	 '),
(31, 74, 21, '	LA TOMA	 '),
(31, 74, 28, '	NASCHEL	 '),
(4, 74, 28, '	CONCARAN	 '),
(6, 74, 28, '	CORTADERAS	 '),
(11, 74, 35, '	JUSTO DARACT	 '),
(29, 74, 35, '	VILLA MERCEDES	 '),
(30, 74, 35, '	VILLA REYNOLDS	 '),
(30, 74, 42, '	NUEVA GALIA	 '),
(6, 74, 42, '	BUENA ESPERANZA	 '),
(34, 74, 49, '	MERLO	 '),
(24, 74, 56, '	EL VOLCAN	 '),
(52, 74, 56, '	SAN LUIS	 '),
(11, 74, 7, '	CANDELARIA	 '),
(56, 74, 7, '	LUJAN	 '),
(65, 74, 7, '	QUINES	 '),
(68, 74, 7, '	SAN FRANCISCO DEL MONTE DE ORO	 '),
(7, 78, 14, '	CALETA OLIVIA	 '),
(77, 78, 14, '	LAS HERAS	 '),
(86, 78, 14, '	PICO TRUNCADO	 '),
(88, 78, 14, '	PUERTO DESEADO	 '),
(78, 78, 21, '	RIO GALLEGOS	 '),
(80, 78, 21, '	YACIMIENTOS RIO TURBIO	 '),
(5, 78, 28, '	EL CALAFATE	 '),
(40, 78, 35, '	PERITO MORENO	 '),
(33, 78, 42, '	PUERTO SAN JULIAN	 '),
(34, 78, 49, '	GOBERNADOR GREGORES	 '),
(46, 78, 7, '	PUERTO SANTA CRUZ	 '),
(12, 82, 105, '	DIAZ	 '),
(14, 82, 105, '	GALVEZ	 '),
(16, 82, 105, '	IRIGOYEN	 '),
(21, 82, 105, '	MACIEL	 '),
(22, 82, 105, '	MONJE	 '),
(30, 82, 105, '	SAN GENARO	 '),
(4, 82, 105, '	BARRANCAS	 '),
(5, 82, 105, '	BERNARDO DE IRIGOYEN	 '),
(8, 82, 105, '	CENTENO	 '),
(9, 82, 105, '	CORONDA	 '),
(13, 82, 112, '	GOBERNADOR CRESPO	 '),
(17, 82, 112, '	LA CRIOLLA	 '),
(29, 82, 112, '	MARCELINO ESCALADA	 '),
(31, 82, 112, '	MIGUEL ESCALADA	 '),
(36, 82, 112, '	PEDRO GOMEZ CELLO	 '),
(42, 82, 112, '	SAN JUSTO	 '),
(52, 82, 112, '	VIDELA	 '),
(12, 82, 119, '	PUERTO GENERAL SAN MARTIN	 '),
(14, 82, 119, '	RICARDONE	 '),
(15, 82, 119, '	ROLDAN	 '),
(16, 82, 119, '	SAN JERONIMO SUD	 '),
(17, 82, 119, '	SAN LORENZO	 '),
(2, 82, 119, '	CAPITAN BERMUDEZ	 '),
(3, 82, 119, '	CARCARAÑA	 '),
(6, 82, 119, '	FRAY LUIS BELTRAN	 '),
(13, 82, 126, '	LANDETA	 '),
(18, 82, 126, '	MARIA SUSANA	 '),
(2, 82, 126, '	CARLOS PELLEGRINI	 '),
(20, 82, 126, '	PIAMONTE	 '),
(21, 82, 126, '	SAN JORGE	 '),
(22, 82, 126, '	SAN MARTIN DE LAS ESCOBAS	 '),
(5, 82, 126, '	CAÑADA ROSQUIN	 '),
(9, 82, 126, '	EL TREBOL	 '),
(1, 82, 133, '	CALCHAQUI	 '),
(29, 82, 133, '	LA GALLARETA	 '),
(53, 82, 133, '	VERA	 '),
(1, 82, 14, '	AREQUITO	 '),
(11, 82, 14, '	GODEKEN	 '),
(14, 82, 14, '	LOS NOGALES	 '),
(16, 82, 14, '	VILLADA	 '),
(17, 82, 14, '	SAN JOSE DE LA ESQUINA	 '),
(5, 82, 14, '	BIGAND	 '),
(6, 82, 14, '	CASILDA	 '),
(7, 82, 14, '	CHABAS	 '),
(8, 82, 14, '	CHAÑAR LADEADO	 '),
(2, 82, 21, '	ANGELICA	 '),
(3, 82, 21, '	ATALIVA	 '),
(34, 82, 21, '	HUMBERTO PRIMO	 '),
(41, 82, 21, '	MARIA JUANA	 '),
(48, 82, 21, '	RAFAELA	 '),
(49, 82, 21, '	RAMONA	 '),
(53, 82, 21, '	SAN VICENTE	 '),
(54, 82, 21, '	SANTA CLARA DE SAGUIER	 '),
(56, 82, 21, '	SUNCHALES	 '),
(58, 82, 21, '	TACURAL	 '),
(70, 82, 21, '	COLONIA ALDAO	 '),
(1, 82, 28, '	ALCORTA	 '),
(12, 82, 28, '	JUAN B. MOLINA	 '),
(21, 82, 28, '	SANTA TERESA	 '),
(25, 82, 28, '	VILLA CONSTITUCION	 '),
(7, 82, 28, '	EMPALME VILLA CONSTITUCION	 '),
(13, 82, 35, '	SANTA ROSA DE CALCHINES	 '),
(2, 82, 35, '	CAYASTA	 '),
(3, 82, 35, '	COLONIA MASCIAS	 '),
(7, 82, 35, '	HELVECIA	 '),
(1, 82, 42, '	AARON CASTELLANOS	 '),
(15, 82, 42, '	ELORTONDO	 '),
(24, 82, 42, '	FIRMAT	 '),
(25, 82, 42, '	HUGHES	 '),
(28, 82, 42, '	LABORDEBOY	 '),
(3, 82, 42, '	CAFFERATA	 '),
(30, 82, 42, '	MAGGIOLO	 '),
(31, 82, 42, '	MARIA TERESA	 '),
(32, 82, 42, '	MELINCUE	 '),
(37, 82, 42, '	RUFINO	 '),
(41, 82, 42, '	SAN GREGORIO	 '),
(47, 82, 42, '	TEODELINA	 '),
(48, 82, 42, '	VENADO TUERTO	 '),
(49, 82, 42, '	VILLA CAÑAS	 '),
(5, 82, 42, '	CARMEN	 '),
(51, 82, 42, '	WHEELWRIGHT	 '),
(13, 82, 49, '	EL ARAZA	 '),
(14, 82, 49, '	EL CARMEN DE AVELLANEDA	 '),
(24, 82, 49, '	GUADALUPE NORTE	 '),
(3, 82, 49, '	AVELLANEDA	 '),
(33, 82, 49, '	LA POTASA	 '),
(39, 82, 49, '	LAS TOSCAS	 '),
(42, 82, 49, '	MALABRIGO	 '),
(50, 82, 49, '	PUERTO RECONQUISTA	 '),
(51, 82, 49, '	RECONQUISTA	 '),
(56, 82, 49, '	VILLA GUILLERMINA	 '),
(57, 82, 49, '	VILLA OCAMPO	 '),
(17, 82, 56, '	OLIVEROS	 '),
(23, 82, 56, '	TOTORAS	 '),
(5, 82, 56, '	CAÑADA DE GOMEZ	 '),
(1, 82, 63, '	ANGEL GALLARDO	 '),
(11, 82, 63, '	LAGUNA PAIVA	 '),
(13, 82, 63, '	LLAMBI CAMPBELL	 '),
(15, 82, 63, '	MONTE VERA	 '),
(16, 82, 63, '	NELSON	 '),
(19, 82, 63, '	RECREO	 '),
(24, 82, 63, '	SANTA FE	 '),
(25, 82, 63, '	SANTO TOME	 '),
(26, 82, 63, '	SAUCE VIEJO	 '),
(34, 82, 63, '	COLASTINE NORTE L.G.	 '),
(38, 82, 63, '	SAN JOSE DEL RINCON	 '),
(9, 82, 63, '	EMILIA	 '),
(1, 82, 7, '	ARMSTRONG	 '),
(7, 82, 7, '	LAS PAREJAS	 '),
(8, 82, 7, '	LAS ROSAS	 '),
(11, 82, 70, '	ESPERANZA	 '),
(14, 82, 70, '	GRUTLY	 '),
(17, 82, 70, '	HUMBOLDT	 '),
(29, 82, 70, '	PILAR	 '),
(31, 82, 70, '	PROGRESO	 '),
(37, 82, 70, '	SAN CARLOS CENTRO	 '),
(40, 82, 70, '	SAN JERONIMO DEL SAUCE	 '),
(41, 82, 70, '	SAN JERONIMO NORTE	 '),
(47, 82, 70, '	SANTO DOMINGO	 '),
(48, 82, 70, '	SARMIENTO	 '),
(9, 82, 70, '	ELISA	 '),
(17, 82, 77, '	POZO BORRADO	 '),
(20, 82, 77, '	TOSTADO	 '),
(21, 82, 77, '	VILLA MINETTI	 '),
(1, 82, 84, '	ACEBAL	 '),
(22, 82, 84, '	FIGHIERA	 '),
(23, 82, 84, '	FUNES	 '),
(25, 82, 84, '	GRANADERO BAIGORRIA	 '),
(32, 82, 84, '	PEREZ	 '),
(39, 82, 84, '	ROSARIO	 '),
(43, 82, 84, '	VILLA GOBERNADOR GALVEZ	 '),
(7, 82, 84, '	ARROYO SECO	 '),
(32, 82, 91, '	MOISES VILLE	 '),
(35, 82, 91, '	VILLA TRINIDAD	 '),
(4, 82, 91, '	AMBROSETTI	 '),
(40, 82, 91, '	SAN CRISTOBAL	 '),
(41, 82, 91, '	SAN GUILLERMO	 '),
(44, 82, 91, '	SOLEDAD	 '),
(45, 82, 91, '	SUARDI	 '),
(6, 82, 91, '	ARRUFO	 '),
(9, 82, 91, '	CERES	 '),
(11, 82, 98, '	LA BRAVA	 '),
(14, 82, 98, '	ROMANG	 '),
(15, 82, 98, '	SAN JAVIER	 '),
(3, 82, 98, '	COLONIA DURAN	 '),
(14, 86, 105, '	LORETO	 '),
(29, 86, 119, '	QUIMILI	 '),
(34, 86, 119, '	TINTINA	 '),
(17, 86, 126, '	SOL DE JULIO	 '),
(19, 86, 126, '	VILLA OJO DE AGUA	 '),
(54, 86, 126, '	9 DE JULIO	 '),
(17, 86, 133, '	NUEVA ESPERANZA	 '),
(14, 86, 14, '	CAMPO GALLO	 '),
(149, 86, 14, '	SANTOS LUGARES	 '),
(16, 86, 140, '	SUMAMPA	 '),
(15, 86, 147, '	LAS TERMAS DE RIO HONDO	 '),
(22, 86, 147, '	POZUELOS	 '),
(28, 86, 147, '	VILLA RIO HONDO	 '),
(2, 86, 154, '	COLONIA ALPINA	 '),
(21, 86, 154, '	SELVA	 '),
(1, 86, 161, '	BELTRAN	 '),
(2, 86, 161, '	COLONIA EL SIMBOLAR	 '),
(20, 86, 161, '	LOS PEREYRA	 '),
(35, 86, 161, '	VILLA ROBLES	 '),
(4, 86, 161, '	FERNANDEZ	 '),
(5, 86, 161, '	INGENIERO FORRES	 '),
(9, 86, 161, '	BUEY MUERTO	 '),
(32, 86, 175, '	ESTACION ROBLES	 '),
(9, 86, 175, '	BREA POZO	 '),
(20, 86, 182, '	GARZA	 '),
(21, 86, 189, '	MANOGASTA	 '),
(15, 86, 21, '	ESTACION ATAMISQUI	 '),
(56, 86, 21, '	VILLA ATAMISQUI	 '),
(18, 86, 28, '	COLONIA DORA	 '),
(35, 86, 28, '	HERRERA	 '),
(111, 86, 35, '	SIMBOLAR	 '),
(21, 86, 35, '	CLODOMIRA	 '),
(37, 86, 35, '	EL FAVORITO	 '),
(51, 86, 35, '	LA AURORA	 '),
(53, 86, 35, '	LA BANDA	 '),
(61, 86, 35, '	LA GRANJA	 '),
(2, 86, 42, '	BANDERA	 '),
(57, 86, 49, '	SANTIAGO DEL ESTERO	 '),
(73, 86, 49, '	LOS MORALES	 '),
(81, 86, 49, '	UPIANITA	 '),
(36, 86, 56, '	LOS PIRPINTOS	 '),
(46, 86, 56, '	MONTE QUEMADO	 '),
(83, 86, 56, '	CORRAL QUEMADO	 '),
(39, 86, 63, '	FRIAS	 '),
(51, 86, 63, '	LAPRIDA	 '),
(32, 86, 7, '	MALBRAN	 '),
(44, 86, 7, '	PINTO	 '),
(3, 86, 77, '	AÑATUYA	 '),
(47, 86, 77, '	LOS JURIES	 '),
(95, 86, 84, '	VILLA GUASAYAN	 '),
(16, 86, 91, '	EL BOBADAL	 '),
(52, 86, 91, '	POZO HONDO	 '),
(15, 86, 98, '	SUNCHO CORRAL	 '),
(62, 90, 105, '	LAS TALITAS	 '),
(84, 90, 105, '	TAFI VIEJO	 '),
(177, 90, 112, '	SAN PEDRO DE COLALAO	 '),
(1, 90, 119, '	YERBA BUENA	 '),
(132, 90, 14, '	LAS CEJAS	 '),
(133, 90, 14, '	ALDERETES	 '),
(134, 90, 14, '	SAN ANDRÉS	 '),
(7, 90, 14, '	BANDA DEL RIO SALI - INCLUYE LASTENIA	 '),
(91, 90, 14, '	EL TALAR	 '),
(18, 90, 21, '	CONCEPCION	 '),
(2, 90, 21, '	ALPACHIRI	 '),
(3, 90, 21, '	ALTO VERDE	 '),
(30, 90, 21, '	EL MOLINO	 '),
(4, 90, 21, '	ARCADIA	 '),
(46, 90, 21, '	GASTONA SUR	 '),
(7, 90, 21, '	BELICHA	 '),
(70, 90, 21, '	LOS GUCHEAS	 '),
(31, 90, 28, '	FAMAILLA	 '),
(8, 90, 28, '	CAMPO DE HERRERA	 '),
(66, 90, 35, '	GRANEROS	 '),
(81, 90, 35, '	LAMADRID	 '),
(24, 90, 42, '	JUAN BAUTISTA ALBERDI	 '),
(45, 90, 49, '	LA COCHA	 '),
(81, 90, 49, '	SAN JOSE DE LA COCHA	 '),
(116, 90, 56, '	MANCOPA	 '),
(118, 90, 56, '	MANUEL GARCIA FERNANDEZ	 '),
(139, 90, 56, '	RIO COLORADO	 '),
(149, 90, 56, '	SANTA ROSA DE LEALES	 '),
(160, 90, 56, '	VILLA FIAD	 '),
(161, 90, 56, '	VILLA DE LEALES	 '),
(54, 90, 56, '	ESTACION ARAOZ	 '),
(8, 90, 56, '	BELLA VISTA	 '),
(39, 90, 63, '	INGENIO SAN PABLO	 '),
(40, 90, 63, '	Lules	 '),
(1, 90, 7, '	7 DE ABRIL	 '),
(101, 90, 7, '	EL PUESTITO	 '),
(109, 90, 7, '	EL SUNCHAL	 '),
(110, 90, 7, '	EL TAJAMAR	 '),
(111, 90, 7, '	EL TIMBO	 '),
(132, 90, 7, '	GARMENDIA	 '),
(159, 90, 7, '	LA CRUZ	 '),
(173, 90, 7, '	LA RAMADA	 '),
(234, 90, 7, '	PIEDRABUENA	 '),
(294, 90, 7, '	TALA POZO	 '),
(307, 90, 7, '	VILLA BENJAMIN ARAOZ	 '),
(313, 90, 7, '	VILLA PADRE MONTI	 '),
(314, 90, 7, '	BURRUYACU	 '),
(75, 90, 7, '	EL CHAÑAR	 '),
(94, 90, 7, '	EL NARANJO	 '),
(2, 90, 70, '	ACHERAL	 '),
(69, 90, 70, '	MONTEROS	 '),
(85, 90, 70, '	RIO SECO	 '),
(88, 90, 70, '	SANTA LUCIA	 '),
(89, 90, 70, '	SANTA LUCIA	 '),
(97, 90, 70, '	VILLA QUINTEROS	 '),
(1, 90, 77, '	AGUILARES	 '),
(41, 90, 77, '	LOS SARMIENTOS	 '),
(52, 90, 77, '	SANTA ANA	 '),
(7, 90, 77, '	COLONIAS 1 A 18- SANTA ANA	 '),
(4, 90, 84, '	SAN MIGUEL DE TUCUMAN	 '),
(107, 90, 91, '	SIMOCA	 '),
(21, 90, 98, '	AMAICHA DEL VALLE	 '),
(211, 90, 98, '	SANTA CRUZ	 '),
(214, 90, 98, '	TAFI DEL VALLE	 '),
(44, 90, 98, '	COLALAO DEL VALLE	 '),
(74, 90, 98, '	EL MOLLAR	 '),
(28, 94, 14, '	USHUAIA	 '),
(152, 94, 7, '	RIO GRANDE	 '),
(153, 94, 7, '	TOLHUIN	 ');

-- --------------------------------------------------------

--
-- Estructura de tabla para la tabla `ofertas`
--

CREATE TABLE `ofertas` (
  `Id` int(11) NOT NULL,
  `Nombre` varchar(50) DEFAULT NULL
) ENGINE=InnoDB DEFAULT CHARSET=utf8mb4 COLLATE=utf8mb4_general_ci;

--
-- Volcado de datos para la tabla `ofertas`
--

INSERT INTO `ofertas` (`Id`, `Nombre`) VALUES
(16, 'Secundario Primer Ciclo'),
(32, 'Secundario Segundo Ciclo'),
(64, 'Superior Tecnico'),
(128, 'Formacion Profesional');

-- --------------------------------------------------------

--
-- Estructura de tabla para la tabla `planes_estudio`
--

CREATE TABLE `planes_estudio` (
  `plan_Id` int(11) NOT NULL,
  `instit_Id` int(11) DEFAULT NULL,
  `nombre` varchar(500) NOT NULL DEFAULT '0',
  `oferta_id` int(11) DEFAULT NULL,
  `sector_id` int(11) DEFAULT NULL,
  `anio` int(11) DEFAULT NULL,
  `matricula_varon` int(11) DEFAULT NULL,
  `matricula_mujer` int(11) DEFAULT NULL,
  `matricula_total` int(11) DEFAULT NULL
) ENGINE=InnoDB DEFAULT CHARSET=utf8mb4 COLLATE=utf8mb4_general_ci;

--
-- Volcado de datos para la tabla `planes_estudio`
--

INSERT INTO `planes_estudio` (`plan_Id`, `instit_Id`, `nombre`, `oferta_id`, `sector_id`, `anio`, `matricula_varon`, `matricula_mujer`, `matricula_total`) VALUES
(831, 62, ',Técnico Mecánico	 ', 32, 18, 2022, 79, 22, 101),
(832, 62, ',Técnico en Electrónica	 ', 32, 11, 2022, 153, 26, 179),
(833, 62, ',Maestro Mayor de Obras	 ', 32, 8, 2022, 103, 86, 189),
(834, 62, ',Primer Ciclo	 ', 16, 5, 2022, 481, 185, 666),
(835, 62, ',Técnico en Computación	 ', 32, 16, 2022, 190, 35, 225),
(836, 62, ',Técnico en Electricidad	 ', 32, 7, 2022, 90, 9, 99),
(837, 62, ',Técnico Químico	 ', 32, 31, 2022, 100, 72, 172),
(838, 91, ',Técnico en Automotores	 ', 32, 4, 2022, 266, 34, 300),
(839, 91, ',Primer Ciclo	 ', 16, 5, 2022, 347, 57, 404),
(840, 91, ',Técnico en Computación	 ', 32, 16, 2022, 208, 33, 241),
(841, 141, ',Técnico Mecánico	 ', 32, 18, 2022, 315, 73, 388),
(842, 141, ',Primer Ciclo	 ', 16, 5, 2022, 190, 61, 251),
(843, 1531, ',Técnico en Diseño y Promoción Publicitaria	 ', 32, 10, 2022, 126, 220, 346),
(844, 3077, ',Técnico en Diseño de Interiores	 ', 32, 37, 2022, 33, 77, 110),
(845, 4605, ',Primer Ciclo	 ', 16, 5, 2022, 75, 178, 253),
(846, 2007, ',Técnico en Artesanías Aplicadas	 ', 32, 37, 2022, 16, 85, 101),
(847, 60, ',Maestro Mayor de Obras	 ', 32, 8, 2023, 61, 45, 106),
(848, 60, ',Técnico Mecánico Electricista	 ', 32, 6, 2023, 69, 8, 77),
(849, 60, ',Técnico Químico	 ', 32, 31, 2023, 43, 26, 69),
(850, 60, ',Técnico en Computación	 ', 32, 16, 2023, 93, 8, 101),
(851, 60, ',Técnico en Electrónica	 ', 32, 11, 2023, 57, 10, 67),
(852, 60, ',Técnico en Energías Renovables	 ', 32, 12, 2023, 40, 17, 57),
(853, 60, ',Primer Ciclo	 ', 16, 5, 2023, 260, 91, 351),
(854, 525, ',Técnico Superior en Diseño Gráfico	 ', 64, 10, 2023, 13, 23, 36),
(855, 525, ',Técnico Superior Ilustrador Profesional	 ', 64, 10, 2023, 6, 23, 29),
(856, 596, ',Primer Ciclo	 ', 16, 5, 2022, 50, 44, 94),
(857, 596, ',Técnico en Producción Agropecuaria	 ', 32, 3, 2022, 28, 29, 57),
(858, 596, ',Técnico en Producción Agropecuaria	 ', 32, 3, 2022, 20, 19, 39),
(859, 996, ',Técnico en Electrónica	 ', 32, 11, 2023, 63, 5, 68),
(860, 996, ',Primer Ciclo	 ', 16, 5, 2023, 64, 4, 68),
(861, 583, ',Técnico en Producción Agropecuaria	 ', 32, 3, 2023, 16, 10, 26),
(862, 583, ',Primer Ciclo	 ', 16, 5, 2023, 17, 17, 34),
(863, 446, ',Primer Ciclo	 ', 16, 5, 2023, 103, 7, 110),
(864, 446, ',Técnico en Automotores	 ', 32, 4, 2023, 113, 0, 113),
(865, 983, ',Técnico en Electrónica	 ', 32, 11, 2022, 1, 0, 1),
(866, 983, ',Carpintería de Obra Fina	 ', 128, 8, 2023, 10, 8, 18),
(867, 983, ',Técnico en Equipos e Instalaciones Electromecánicas	 ', 32, 6, 2023, 123, 86, 209),
(868, 983, ',Tejido a Mano	 ', 128, 40, 2023, 0, 19, 19),
(869, 983, ',Maestro Mayor de Obras	 ', 32, 8, 2023, 70, 58, 128),
(870, 983, ',Tornero	 ', 128, 18, 2023, 10, 0, 10),
(871, 983, ',Técnico en Programación	 ', 32, 16, 2023, 145, 26, 171),
(872, 983, ',Electricista de Automotores	 ', 128, 4, 2023, 5, 1, 6),
(873, 983, ',Técnico en Equipos e Instalaciones Electromecánicas	 ', 32, 6, 2023, 6, 2, 8),
(874, 983, ',Maestro Mayor de Obras	 ', 32, 8, 2023, 2, 0, 2),
(875, 983, ',Primer Ciclo	 ', 16, 5, 2023, 457, 173, 630),
(876, 983, ',Inyección Electrónica	 ', 128, 4, 2023, 11, 0, 11),
(877, 983, ',Electricidad de Obra	 ', 128, 8, 2023, 18, 1, 19),
(878, 983, ',Técnico en Automotores	 ', 32, 4, 2023, 69, 9, 78),
(879, 983, ',Técnico en Informática Profesional y Personal	 ', 32, 16, 2023, 80, 40, 120),
(880, 983, ',Técnico Químico	 ', 32, 31, 2023, 64, 59, 123),
(881, 1377, ',Técnico Minero	 ', 32, 19, 2023, 27, 16, 43),
(882, 1377, ',Primer Ciclo	 ', 16, 5, 2023, 58, 46, 104),
(883, 1377, ',Técnico en Topografía	 ', 32, 8, 2023, 26, 16, 42),
(884, 1383, ',Técnico Superior en Comercio Internacional	 ', 64, 1, 2023, 34, 28, 62),
(885, 1383, ',Técnico Superior en Marketing / Analista	 ', 64, 1, 2023, 52, 71, 123),
(886, 1383, ',Técnico Superior en Desarrollo de Software	 ', 64, 16, 2023, 80, 24, 104),
(887, 1383, ',Técnico Superior en Administración de Recursos Humanos / Analista	 ', 64, 1, 2023, 66, 122, 188),
(888, 1383, ',Técnico Superior en Construcciones	 ', 64, 8, 2023, 36, 9, 45),
(889, 1531, ',Maestro Mayor de Obras	 ', 32, 8, 2023, 62, 19, 81),
(890, 1531, ',Primer Ciclo	 ', 16, 5, 2023, 97, 33, 130),
(891, 1513, ',Técnico Superior en Gestión y Administración	 ', 64, 1, 2022, 6, 83, 89),
(892, 1513, ',Técnico Superior en Administración / Gestión de Pymes	 ', 64, 1, 2022, 6, 51, 57),
(893, 1483, ',Técnico Superior en Diseño y Producción de Indumentaria	 ', 64, 40, 2022, 7, 77, 84),
(894, 1483, ',Técnico Superior en Artes Visuales	 ', 64, 37, 2022, 7, 46, 53),
(895, 1483, ',Técnico Superior en Diseños de Espacios Interiores y Exteriores	 ', 64, 37, 2022, 11, 67, 78),
(896, 1483, ',Técnico Superior en Diseño Gráfico	 ', 64, 10, 2022, 17, 110, 127),
(897, 1495, ',Técnico en Equipos e Instalaciones Electromecánicas	 ', 32, 6, 2023, 45, 18, 63),
(898, 1495, ',Técnico en Producción Agropecuaria	 ', 32, 3, 2023, 18, 24, 42),
(899, 1495, ',Primer Ciclo	 ', 16, 5, 2023, 99, 86, 185),
(900, 1510, ',Primer Ciclo	 ', 16, 5, 2023, 61, 6, 67),
(901, 1510, ',Técnico en Automotores	 ', 32, 4, 2023, 27, 2, 29),
(902, 1525, ',Primer Ciclo	 ', 16, 5, 2022, 47, 25, 72),
(903, 1525, ',Técnico en Producción Agropecuaria	 ', 32, 3, 2023, 16, 13, 29),
(904, 1525, ',Ciclo Básico Técnico	 ', 16, 5, 2023, 50, 25, 75),
(905, 1886, ',Ciclo Básico Técnico	 ', 16, 5, 2022, 137, 75, 212),
(906, 1886, ',Técnico en Producción Agropecuaria	 ', 32, 3, 2022, 81, 62, 143),
(907, 1881, ',Operador de Informática para Administración y Gestión	 ', 128, 1, 2022, 2, 15, 17),
(908, 1881, ',Operador de Máquinas para la Confección de Indumentaria	 ', 128, 40, 2022, 0, 11, 11),
(909, 1881, ',Confeccionista a Medida - Modista/o	 ', 128, 40, 2022, 0, 11, 11),
(910, 1881, ',Carpintero de Banco	 ', 128, 17, 2022, 12, 0, 12),
(911, 1872, ',Técnico en Producción Agropecuaria	 ', 32, 3, 2022, 26, 41, 67),
(912, 1872, ',Ciclo Básico Técnico	 ', 16, 5, 2022, 45, 30, 75),
(913, 1903, ',Técnico en Producción Agropecuaria	 ', 32, 3, 2023, 66, 20, 86),
(914, 1903, ',Primer Ciclo	 ', 16, 5, 2023, 113, 48, 161),
(915, 1981, ',Mecánica de Automotores	 ', 128, 4, 2022, 55, 0, 55),
(916, 1981, ',Reparador de Equipos de Audio, Radio y TV	 ', 128, 11, 2022, 20, 0, 20),
(917, 1981, ',Técnico Mecánico	 ', 32, 18, 2023, 74, 0, 74),
(918, 1981, ',Técnico Electricista / Electrotécnico con Orientación en Electrónica Industrial	 ', 32, 7, 2023, 80, 0, 80),
(919, 1981, ',Primer Ciclo	 ', 16, 5, 2023, 142, 0, 142),
(920, 1981, ',Confeccionista a Medida - Modista/o	 ', 128, 40, 2023, 0, 9, 9),
(921, 1981, ',Mecánico de Motos	 ', 128, 4, 2023, 14, 0, 14),
(922, 1981, ',Montador Electricista Domiciliario	 ', 128, 8, 2023, 15, 0, 15),
(923, 1981, ',Técnico en Industrialización de la Madera y el Mueble	 ', 32, 17, 2023, 33, 0, 33),
(924, 1999, ',Técnico Superior en Tecnología de los Alimentos	 ', 64, 15, 2023, 30, 46, 76),
(925, 1999, ',Técnico Superior en Gestión de la Producción Agropecuaria	 ', 64, 3, 2023, 88, 112, 200),
(926, 1999, ',Tecnicatura Superior Forestal	 ', 64, 17, 2023, 20, 28, 48),
(927, 1999, ',Tecnicatura Superior en Gestión Turística	 ', 64, 27, 2023, 25, 61, 86),
(928, 1999, ',Técnicatura Superior en Gestión de Energías Renovables	 ', 64, 12, 2023, 33, 21, 54),
(929, 2007, ',Primer Ciclo	 ', 16, 5, 2023, 224, 93, 317),
(930, 2007, ',Técnico en Equipos e Instalaciones Electromecánicas	 ', 32, 6, 2023, 176, 68, 244),
(931, 1991, ',Técnico en Electrónica	 ', 32, 11, 2023, 236, 99, 335),
(932, 1991, ',Primer Ciclo	 ', 16, 5, 2023, 156, 122, 278),
(933, 1991, ',Primer Ciclo	 ', 16, 5, 2023, 158, 71, 229),
(934, 1991, ',Técnico en Informática Profesional y Personal	 ', 32, 16, 2023, 206, 206, 412),
(935, 2131, ',Técnico Superior en Administración de Empresas	 ', 64, 1, 2023, 49, 102, 151),
(936, 2131, ',Técnico Superior en Enología e Industrias Frutihortícolas	 ', 64, 3, 2023, 11, 30, 41),
(937, 2154, ',Técnico en Producción Agropecuaria	 ', 32, 3, 2023, 69, 38, 107),
(938, 2154, ',Primer Ciclo	 ', 16, 5, 2023, 86, 63, 149),
(939, 2156, ',Técnico Superior en Administración Pública orientada al Desarrollo Local	 ', 64, 1, 2022, 4, 10, 14),
(940, 2156, ',Técnico Superior en Gestión y Administración	 ', 64, 1, 2023, 25, 65, 90),
(941, 2156, ',Técnico Superior en Análisis, Desarrollo y Programación de Aplicaciones	 ', 64, 16, 2023, 104, 31, 135),
(942, 2156, ',Técnico Superior en Gestión de Empresas de Turismo	 ', 64, 27, 2023, 13, 36, 49),
(943, 2136, ',Técnico Mecánico Electricista	 ', 32, 6, 2023, 144, 51, 195),
(944, 2136, ',Primer Ciclo	 ', 16, 5, 2023, 203, 123, 326),
(945, 2136, ',Maestro Mayor de Obras	 ', 32, 8, 2023, 36, 48, 84),
(946, 2599, ',Técnico en Tecnología de los Alimentos	 ', 32, 15, 2023, 40, 45, 85),
(947, 2599, ',Técnico en Salud y Ambiente	 ', 32, 24, 2023, 35, 25, 60),
(948, 2599, ',Primer Ciclo	 ', 16, 5, 2023, 175, 117, 292),
(949, 2599, ',Auxiliar en Gastronomía	 ', 128, 34, 2023, 12, 41, 53),
(950, 2599, ',Cocinero	 ', 128, 34, 2023, 4, 8, 12),
(951, 2599, ',Pastelero	 ', 128, 34, 2023, 2, 23, 25),
(952, 2599, ',Panadero	 ', 128, 34, 2023, 3, 29, 32),
(953, 2599, ',Maestro Mayor de Obras	 ', 32, 8, 2023, 19, 10, 29),
(954, 2639, ',Técnico Superior en Operación de Estudio de Radio y Tv / Planta Transmisora	 ', 64, 11, 2023, 4, 2, 6),
(955, 2639, ',Técnico Superior en Operación de Estudio de Radio y Tv / Planta Transmisora	 ', 64, 11, 2023, 39, 46, 85),
(956, 2639, ',Tecnicatura Superior en Periodismo Multimedial	 ', 64, 42, 2023, 43, 44, 87),
(957, 2660, ',Ciclo Básico Técnico	 ', 16, 5, 2022, 241, 90, 331),
(958, 2660, ',Técnico en Informática Profesional y Personal	 ', 32, 16, 2022, 194, 48, 242),
(959, 2660, ',Armador y Montador de Paneles y Cielorrasos con Placas de Roca de Yeso	 ', 128, 8, 2022, 9, 2, 11),
(960, 2660, ',Instalador Electricista Domiciliario	 ', 128, 7, 2022, 16, 1, 17),
(961, 2660, ',Carpintero en Muebles de Madera	 ', 128, 17, 2022, 5, 2, 7),
(962, 2660, ',Auxiliar en Carpintería	 ', 128, 17, 2022, 6, 2, 8),
(963, 2660, ',Instalador y Reparador de Equipos y Sistemas de Refrigeración	 ', 128, 6, 2022, 38, 0, 38),
(964, 2660, ',Herrero	 ', 128, 18, 2022, 11, 2, 13),
(965, 2660, ',Auxiliar en Carpintería	 ', 128, 17, 2022, 7, 0, 7),
(966, 2660, ',Operador Básico de PC	 ', 128, 16, 2022, 7, 5, 12),
(967, 2660, ',Soldador Básico	 ', 128, 18, 2022, 18, 2, 20),
(968, 2660, ',Mecánico de Motores de Combustión Interna	 ', 128, 4, 2022, 35, 2, 37),
(969, 2660, ',Operador de Informática de Oficina	 ', 128, 16, 2022, 10, 7, 17),
(970, 2660, ',Elaboración de Productos Multimediales	 ', 128, 10, 2022, 8, 6, 14),
(971, 2657, ',Técnico en Producción Agropecuaria	 ', 32, 3, 2023, 31, 10, 41),
(972, 2657, ',Ciclo Básico Técnico	 ', 16, 5, 2023, 40, 24, 64),
(973, 2581, ',Electricista de Automotores	 ', 128, 4, 2022, 14, 0, 14),
(974, 2581, ',Técnico en Equipos e Instalaciones Electromecánicas	 ', 32, 6, 2023, 65, 38, 103),
(975, 2581, ',Soldador	 ', 128, 18, 2023, 33, 0, 33),
(976, 2581, ',Técnico en Mecanización Agropecuaria	 ', 32, 18, 2023, 41, 26, 67),
(977, 2581, ',Maestro Mayor de Obras	 ', 32, 8, 2023, 32, 26, 58),
(978, 2581, ',Tornero	 ', 128, 18, 2023, 14, 1, 15),
(979, 2581, ',Primer Ciclo	 ', 16, 5, 2023, 162, 120, 282),
(980, 2581, ',Mecánico de Motos	 ', 128, 4, 2023, 16, 0, 16),
(981, 2581, ',Instalador Electricista Domiciliario	 ', 128, 7, 2023, 26, 6, 32),
(982, 2581, ',Carpintería de Obra Fina	 ', 128, 8, 2023, 6, 9, 15),
(983, 2581, ',Instalador y Reparador de Equipos y Sistemas de Refrigeración	 ', 128, 6, 2023, 12, 3, 15),
(984, 2707, ',Técnico en Equipos e Instalaciones Electromecánicas	 ', 32, 6, 2023, 223, 53, 276),
(985, 2707, ',Maestro Mayor de Obras	 ', 32, 8, 2023, 308, 157, 465),
(986, 2707, ',Primer Ciclo	 ', 16, 5, 2023, 239, 104, 343),
(987, 2715, ',Técnico Superior en Cocinas Regionales y Cultura Alimentaria	 ', 64, 34, 2022, 15, 35, 50),
(988, 2721, ',Primer Ciclo	 ', 16, 5, 2022, 86, 56, 142),
(989, 2721, ',Técnico en Producción Agropecuaria	 ', 32, 3, 2022, 177, 73, 250),
(990, 2721, ',Primer Ciclo	 ', 16, 5, 2023, 99, 39, 138),
(991, 2721, ',Técnico en Producción Agropecuaria	 ', 32, 3, 2023, 160, 62, 222),
(992, 2714, ',Técnico en Equipos e Instalaciones Electromecánicas	 ', 32, 6, 2022, 177, 77, 254),
(993, 2714, ',Maestro Mayor de Obras	 ', 32, 8, 2022, 86, 98, 184),
(994, 2714, ',Primer Ciclo	 ', 16, 5, 2022, 85, 45, 130),
(995, 2714, ',Primer Ciclo	 ', 16, 5, 2022, 120, 70, 190),
(996, 2790, ',Técnico en Equipos e Instalaciones Electromecánicas	 ', 32, 6, 2023, 98, 12, 110),
(997, 2790, ',Maestro Mayor de Obras	 ', 32, 8, 2023, 89, 40, 129),
(998, 2790, ',Primer Ciclo	 ', 16, 5, 2023, 343, 114, 457),
(999, 2790, ',Técnico en Automotores	 ', 32, 4, 2023, 61, 5, 66),
(1000, 2800, ',Técnico en Producción Agropecuaria	 ', 32, 3, 2022, 40, 21, 61),
(1001, 2800, ',Primer Ciclo	 ', 16, 5, 2022, 41, 38, 79),
(1002, 2893, ',Soldador Básico	 ', 128, 18, 2023, 12, 0, 12),
(1003, 2893, ',Panadero	 ', 128, 34, 2023, 19, 5, 24),
(1004, 2893, ',Cocinero	 ', 128, 34, 2023, 6, 4, 10),
(1005, 2893, ',Pastelero	 ', 128, 34, 2023, 9, 13, 22),
(1006, 2893, ',Productor de Panes	 ', 128, 34, 2023, 15, 5, 20),
(1007, 2910, ',Primer Ciclo	 ', 16, 5, 2022, 40, 31, 71),
(1008, 2910, ',Técnico en Producción Agropecuaria	 ', 32, 3, 2022, 52, 29, 81),
(1009, 2959, ',Productor de Panes	 ', 128, 34, 2022, 3, 9, 12),
(1010, 2959, ',Confeccionista de Ropa Blanca	 ', 128, 40, 2022, 0, 8, 8),
(1011, 2959, ',Confeccionista de Ropa Blanca	 ', 128, 40, 2023, 0, 19, 19),
(1012, 2959, ',Productor de Panes	 ', 128, 34, 2023, 1, 15, 16),
(1013, 3077, ',Técnico Superior en Producción Artístico Artesanal	 ', 64, 37, 2022, 6, 75, 81),
(1014, 3078, ',Técnico en Equipos e Instalaciones Electromecánicas	 ', 32, 6, 2023, 239, 23, 262),
(1015, 3078, ',Maestro Mayor de Obras	 ', 32, 8, 2023, 149, 41, 190),
(1016, 3078, ',Primer Ciclo	 ', 16, 5, 2023, 342, 95, 437),
(1017, 3047, ',Técnico Superior en Energias Renovables	 ', 64, 12, 2023, 6, 1, 7),
(1018, 3047, ',Técnico Superior en Petróleo	 ', 64, 19, 2023, 38, 14, 52),
(1019, 3047, ',Técnico Superior en Administración de Empresas	 ', 64, 1, 2023, 3, 25, 28),
(1020, 3047, ',Técnico Superior en Hotelería y Turismo	 ', 64, 27, 2023, 7, 19, 26),
(1021, 3047, ',Técnico Superior Industrial con Orientación en Electricidad y Automatización	 ', 64, 6, 2023, 7, 0, 7),
(1022, 3047, ',Técnico Superior en Higiene y Seguridad en el Trabajo	 ', 64, 24, 2023, 12, 16, 28),
(1023, 3047, ',Técnico Superior en Administración Pública orientada al Desarrollo Local	 ', 64, 1, 2023, 9, 33, 42),
(1024, 3047, ',Técnico Superior en Minería	 ', 64, 19, 2023, 8, 10, 18),
(1025, 3241, ',Primer Ciclo	 ', 16, 5, 2023, 13, 39, 52),
(1026, 3241, ',Primer Ciclo	 ', 16, 5, 2023, 60, 36, 96),
(1027, 3241, ',Primer Ciclo	 ', 16, 5, 2023, 71, 30, 101),
(1028, 3241, ',Técnico en Gestión y Administración de las Organizaciones	 ', 32, 1, 2023, 42, 48, 90),
(1029, 3241, ',Maestro Mayor de Obras	 ', 32, 8, 2023, 73, 44, 117),
(1030, 3241, ',Técnico en Informática Profesional y Personal	 ', 32, 16, 2023, 93, 41, 134),
(1031, 3241, ',Formación Profesional No Técnico	 ', 128, 39, 2023, 8, 3, 11),
(1032, 3234, ',Gestión Administrativa / Auxiliar Administrativo	 ', 128, 1, 2022, 7, 23, 30),
(1033, 3234, ',Carpintería de Obra Fina	 ', 128, 8, 2023, 32, 2, 34),
(1034, 3234, ',Operador de Informática para Administración y Gestión	 ', 128, 1, 2023, 18, 36, 54),
(1035, 3234, ',Auxiliar Mecánico de Motores Diesel	 ', 128, 4, 2023, 33, 2, 35),
(1036, 3234, ',Soldador	 ', 128, 18, 2023, 37, 4, 41),
(1037, 3234, ',Operador de Sala de Afilado	 ', 128, 17, 2023, 37, 4, 41),
(1038, 3234, ',Cocina y Repostería	 ', 128, 34, 2023, 2, 28, 30),
(1039, 3234, ',Apoyo Administrativo Contable / Auxiliar - Secretariado Contable	 ', 128, 1, 2023, 12, 36, 48),
(1040, 3234, ',Operador Básico de PC	 ', 128, 16, 2023, 20, 66, 86),
(1041, 3234, ',Auxiliar Mecánico de Moto	 ', 128, 4, 2023, 21, 2, 23),
(1042, 3234, ',Pastelero	 ', 128, 34, 2023, 1, 29, 30),
(1043, 3234, ',Confeccionista a Medida - Modista/o	 ', 128, 40, 2023, 3, 75, 78),
(1044, 3234, ',Montador Electricista Domiciliario	 ', 128, 8, 2023, 48, 3, 51),
(1045, 3234, ',Gestión Administrativa / Auxiliar Administrativo	 ', 128, 1, 2023, 17, 32, 49),
(1046, 3234, ',Artesanías con Material Reciclado	 ', 128, 37, 2023, 0, 23, 23),
(1047, 3234, ',Administración y Gestión de  Microemprendimientos y Pymes	 ', 128, 1, 2023, 6, 28, 34),
(1048, 3225, ',Instalador Electricista Domiciliario	 ', 128, 7, 2023, 11, 12, 23),
(1049, 3467, ',Técnico en Producción Agropecuaria	 ', 32, 3, 2022, 28, 22, 50),
(1050, 3467, ',Ciclo Básico Técnico	 ', 16, 5, 2022, 40, 22, 62),
(1051, 3477, ',Técnico en Administración de Empresas	 ', 32, 1, 2023, 139, 161, 300),
(1052, 3477, ',Ciclo Básico Técnico	 ', 16, 5, 2023, 138, 239, 377),
(1053, 3515, ',Técnico Superior en Minería	 ', 64, 19, 2022, 11, 13, 24),
(1054, 3515, ',Técnico Superior en Transporte Ferroviario	 ', 64, 6, 2022, 10, 8, 18),
(1055, 3515, ',Técnico Superior en Gestión de los Recursos Hídricos	 ', 64, 24, 2022, 10, 33, 43),
(1056, 3515, ',Técnico Superior en Construcciones en Madera	 ', 64, 17, 2022, 45, 34, 79),
(1057, 3712, ',Primer Ciclo	 ', 16, 5, 2023, 126, 72, 198),
(1058, 3712, ',Maestro Mayor de Obras	 ', 32, 8, 2023, 132, 52, 184),
(1059, 3647, ',Técnico en Producción Agropecuaria	 ', 32, 3, 2023, 49, 51, 100),
(1060, 3647, ',Primer Ciclo	 ', 16, 5, 2023, 37, 28, 65),
(1061, 3655, ',Técnico en Producción Agropecuaria	 ', 32, 3, 2023, 63, 61, 124),
(1062, 3655, ',Primer Ciclo	 ', 16, 5, 2023, 59, 49, 108),
(1063, 3847, ',Primer Ciclo	 ', 16, 5, 2022, 419, 194, 613),
(1064, 3847, ',Técnico en Construcciones	 ', 32, 8, 2023, 69, 43, 112),
(1065, 3847, ',Técnico Minero	 ', 32, 19, 2023, 52, 33, 85),
(1066, 3847, ',Técnico en Equipos e Instalaciones Electromecánicas	 ', 32, 6, 2023, 86, 19, 105),
(1067, 3847, ',Técnico en Industrias de Procesos	 ', 32, 31, 2023, 51, 48, 99),
(1068, 3847, ',Técnico en Electrónica	 ', 32, 11, 2023, 89, 13, 102),
(1069, 3847, ',Técnico en Automotores	 ', 32, 4, 2023, 59, 8, 67),
(1070, 3847, ',Técnico Químico	 ', 32, 31, 2023, 52, 47, 99),
(1071, 3847, ',Técnico Vial	 ', 32, 8, 2023, 64, 31, 95),
(1072, 3717, ',Técnico en Producción Agropecuaria	 ', 32, 3, 2022, 73, 60, 133),
(1073, 3717, ',Primer Ciclo	 ', 16, 5, 2022, 69, 40, 109),
(1074, 3739, ',Técnico en Gestión y Administración de las Organizaciones	 ', 32, 1, 2022, 46, 46, 92),
(1075, 3739, ',Primer Ciclo	 ', 16, 5, 2022, 109, 111, 220),
(1076, 3739, ',Técnico Químico	 ', 32, 31, 2022, 29, 37, 66),
(1077, 3739, ',Maestro Mayor de Obras	 ', 32, 8, 2022, 58, 30, 88),
(1078, 3718, ',Técnico en Tecnología de los Alimentos	 ', 32, 15, 2022, 35, 24, 59),
(1079, 3718, ',Técnico en Producción Agropecuaria	 ', 32, 3, 2022, 99, 72, 171),
(1080, 3718, ',Primer Ciclo	 ', 16, 5, 2022, 155, 107, 262),
(1081, 3742, ',Ciclo Básico Técnico	 ', 16, 5, 2022, 90, 70, 160),
(1082, 3742, ',Técnico en Producción Agropecuaria	 ', 32, 3, 2022, 90, 93, 183),
(1083, 3877, ',Maestro Mayor de Obras	 ', 32, 8, 2023, 16, 26, 42),
(1084, 3877, ',Primer Ciclo	 ', 16, 5, 2023, 23, 23, 46),
(1085, 3887, ',Técnico en Producción Agropecuaria	 ', 32, 3, 2023, 26, 30, 56),
(1086, 3887, ',Primer Ciclo	 ', 16, 5, 2023, 59, 52, 111),
(1087, 3853, ',Primer Ciclo	 ', 16, 5, 2023, 97, 46, 143),
(1088, 3853, ',Técnico en Informática Profesional y Personal	 ', 32, 16, 2023, 89, 37, 126),
(1089, 3899, ',Primer Ciclo	 ', 16, 5, 2023, 84, 94, 178),
(1090, 3899, ',Técnico en Biología Marina, Pesquería y Laboratorio	 ', 32, 3, 2023, 135, 167, 302),
(1091, 3912, ',Ciclo Básico Técnico	 ', 16, 5, 2022, 158, 89, 247),
(1092, 3912, ',Técnico en Equipos e Instalaciones Electromecánicas	 ', 32, 6, 2022, 308, 178, 486),
(1093, 3903, ',Primer Ciclo	 ', 16, 5, 2022, 325, 188, 513),
(1094, 3903, ',Técnico en Equipos e Instalaciones Electromecánicas	 ', 32, 6, 2022, 177, 59, 236),
(1095, 3903, ',Técnico en Electrónica	 ', 32, 11, 2022, 50, 29, 79),
(1096, 3903, ',Maestro Mayor de Obras	 ', 32, 8, 2022, 186, 140, 326),
(1097, 3903, ',Técnico en Informática Profesional y Personal	 ', 32, 16, 2022, 160, 46, 206),
(1098, 4046, ',Carpintero en Madera	 ', 128, 17, 2023, 7, 8, 15),
(1099, 4046, ',Técnico en Equipos e Instalaciones Electromecánicas	 ', 32, 6, 2023, 186, 21, 207),
(1100, 4046, ',Operador de Informática para Administración y Gestión	 ', 128, 1, 2023, 1, 12, 13),
(1101, 4046, ',Técnico en Electrónica con Orientación en Automatización y Control Industrial	 ', 32, 11, 2023, 113, 28, 141),
(1102, 4046, ',Carpintero en Muebles de Madera	 ', 128, 17, 2023, 7, 8, 15),
(1103, 4046, ',Instalaciones Eléctricas Domiciliarias e Industriales	 ', 128, 7, 2023, 7, 0, 7),
(1104, 4046, ',Tornero	 ', 128, 18, 2023, 13, 0, 13),
(1105, 4046, ',Maestro Mayor de Obras	 ', 32, 8, 2023, 111, 93, 204),
(1106, 4046, ',Mecánico de Motores Nafteros	 ', 128, 4, 2023, 14, 0, 14),
(1107, 4046, ',Técnico en Informática Profesional y Personal	 ', 32, 16, 2023, 115, 39, 154),
(1108, 4046, ',Primer Ciclo	 ', 16, 5, 2023, 333, 112, 445),
(1109, 4046, ',Auxiliar Mecánico de Motores Diesel	 ', 128, 4, 2023, 14, 0, 14),
(1110, 4046, ',Herrero	 ', 128, 18, 2023, 11, 1, 12),
(1111, 4002, ',Operador de Informática para Administración y Gestión	 ', 128, 1, 2023, 27, 38, 65),
(1112, 4002, ',Confeccionista a Medida - Modista/o	 ', 128, 40, 2023, 0, 10, 10),
(1113, 4002, ',Cocinero	 ', 128, 34, 2023, 0, 21, 21),
(1114, 3956, ',Primer Ciclo	 ', 16, 5, 2023, 146, 52, 198),
(1115, 3956, ',Técnico en Equipos e Instalaciones Electromecánicas	 ', 32, 6, 2023, 131, 36, 167),
(1116, 3956, ',Técnico en Informática Profesional y Personal	 ', 32, 16, 2023, 48, 18, 66),
(1117, 3956, ',Operador de Informática para Administración y Gestión	 ', 128, 1, 2023, 8, 19, 27),
(1118, 3956, ',Auxiliar en Carpintería	 ', 128, 17, 2023, 2, 12, 14),
(1119, 3956, ',Auxiliar en Carpintería	 ', 128, 17, 2023, 2, 12, 14),
(1120, 3956, ',Soldador	 ', 128, 18, 2023, 19, 10, 29),
(1121, 3956, ',Corte y Confección	 ', 128, 40, 2023, 0, 17, 17),
(1122, 3956, ',Peluquería	 ', 128, 25, 2023, 3, 17, 20),
(1123, 3956, ',Instalador Electricista Domiciliario	 ', 128, 7, 2023, 16, 3, 19),
(1124, 3956, ',Operador Básico de PC	 ', 128, 16, 2023, 21, 1, 22),
(1125, 3956, ',Operador de Planilla de Cálculo / Excel	 ', 128, 16, 2023, 5, 16, 21),
(1126, 3977, ',Técnico Superior en Diseño de Interiores	 ', 64, 37, 2022, 18, 140, 158),
(1127, 3977, ',Técnico Superior en Bibliotecología	 ', 64, 42, 2022, 4, 43, 47),
(1128, 4058, ',Técnico Superior en Comercio Internacional	 ', 64, 1, 2023, 6, 8, 14),
(1129, 4058, ',Técnico Superior en Comercio Exterior y Aduanas	 ', 64, 1, 2023, 44, 101, 145),
(1130, 4217, ',Técnico en Gestión y Administración de las Organizaciones	 ', 32, 1, 2023, 157, 138, 295),
(1131, 4217, ',Primer Ciclo	 ', 16, 5, 2023, 134, 160, 294),
(1132, 4469, ',Técnico en Producción Agropecuaria	 ', 32, 3, 2023, 44, 31, 75),
(1133, 4469, ',Primer Ciclo	 ', 16, 5, 2023, 33, 23, 56),
(1134, 4445, ',Primer Ciclo	 ', 16, 5, 2022, 52, 35, 87),
(1135, 4445, ',Técnico en Producción Agropecuaria	 ', 32, 3, 2022, 64, 39, 103),
(1136, 4450, ',Técnico en Equipos e Instalaciones Electromecánicas	 ', 32, 6, 2022, 145, 75, 220),
(1137, 4450, ',Maestro Mayor de Obras	 ', 32, 8, 2022, 110, 83, 193),
(1138, 4450, ',Primer Ciclo	 ', 16, 5, 2022, 220, 104, 324),
(1139, 4450, ',Electricista en Inmuebles	 ', 128, 7, 2022, 11, 1, 12),
(1140, 4450, ',Electricista en Inmuebles	 ', 128, 7, 2022, 15, 1, 16),
(1141, 4450, ',Operador de Informatica para Administración y Gestioó	 ', 128, 1, 2022, 18, 16, 34),
(1142, 4438, ',Técnico en Producción Agropecuaria	 ', 32, 3, 2022, 108, 86, 194),
(1143, 4438, ',Primer Ciclo	 ', 16, 5, 2022, 108, 76, 184),
(1144, 4615, ',Técnico en Producción Agropecuaria	 ', 32, 3, 2022, 37, 42, 79),
(1145, 4615, ',Primer Ciclo	 ', 16, 5, 2022, 37, 54, 91),
(1146, 4605, ',Técnico en Producción Agropecuaria	 ', 32, 3, 2022, 97, 148, 245),
(1147, 4605, ',Primer Ciclo	 ', 16, 5, 2022, 97, 150, 247),
(1148, 4605, ',Primer Ciclo	 ', 16, 5, 2022, 97, 150, 247),
(1149, 4593, ',Técnico en Equipos e Instalaciones Electromecánicas	 ', 32, 6, 2023, 222, 66, 288),
(1150, 4593, ',Primer Ciclo	 ', 16, 5, 2023, 361, 153, 514),
(1151, 4593, ',Técnico en Informática Profesional y Personal	 ', 32, 16, 2023, 195, 100, 295),
(1152, 4580, ',Confeccionista Textil Industrial	 ', 128, 40, 2022, 1, 1, 2),
(1153, 4580, ',Cocinero	 ', 128, 34, 2022, 1, 1, 2),
(1154, 4580, ',Técnico en Equipos e Instalaciones Electromecánicas	 ', 32, 6, 2022, 161, 37, 198),
(1155, 4580, ',Operador de Informática para Administración y Gestión	 ', 128, 1, 2022, 6, 26, 32),
(1156, 4580, ',Técnico en Industrias de Procesos	 ', 32, 31, 2022, 71, 54, 125),
(1157, 4580, ',Técnico en Indumentaria y Productos de Confección Textil	 ', 32, 40, 2022, 35, 69, 104),
(1158, 4580, ',Carpintero de Banco	 ', 128, 17, 2022, 10, 5, 15),
(1159, 4580, ',Soldador Básico	 ', 128, 18, 2022, 1, 1, 2),
(1160, 4580, ',Producción Textil Artesanal	 ', 128, 40, 2022, 0, 17, 17),
(1161, 4580, ',Tornero	 ', 128, 18, 2022, 13, 1, 14),
(1162, 4580, ',Primer Ciclo	 ', 16, 5, 2022, 280, 124, 404),
(1163, 4580, ',Pastelero	 ', 128, 34, 2022, 1, 1, 2),
(1164, 4580, ',Montador Electricista Domiciliario	 ', 128, 8, 2022, 10, 5, 15),
(1165, 4580, ',Bordado	 ', 128, 40, 2022, 5, 25, 30),
(1166, 4587, ',Montador Electricista Domiciliario	 ', 128, 8, 2022, 23, 10, 33),
(1167, 4587, ',Carpintería de Obra Fina	 ', 128, 8, 2022, 14, 29, 43),
(1168, 4587, ',Primer Ciclo	 ', 16, 5, 2023, 34, 26, 60),
(1169, 4587, ',Técnico en Producción Agropecuaria	 ', 32, 3, 2023, 38, 22, 60),
(1170, 4587, ',Albañil	 ', 128, 8, 2023, 1, 0, 1),
(1171, 4718, ',Gestión Administrativa / Auxiliar Administrativo	 ', 128, 1, 2022, 5, 15, 20),
(1172, 4718, ',Técnico en Equipos e Instalaciones Electromecánicas	 ', 32, 6, 2022, 185, 109, 294),
(1173, 4718, ',Operador de Informática para Administración y Gestión	 ', 128, 1, 2022, 3, 7, 10),
(1174, 4718, ',Instalador Electricista Domiciliario	 ', 128, 7, 2022, 44, 1, 45),
(1175, 4718, ',Maestro Mayor de Obras	 ', 32, 8, 2022, 216, 165, 381),
(1176, 4718, ',Curso de Capacitación para Construcciones Sismorresistentes en Mampostería	 ', 128, 8, 2022, 9, 6, 15),
(1177, 4718, ',Primer Ciclo	 ', 16, 5, 2022, 321, 178, 499),
(1178, 4718, ',Operador de Sistemas de Animación Computarizada	 ', 128, 10, 2022, 18, 5, 23),
(1179, 4718, ',Montador de Instalaciones Domiciliarias de Gas	 ', 128, 8, 2022, 19, 2, 21),
(1180, 4718, ',Instalador Electricista Industrial o de Planta (Inactivo)	 ', 128, 7, 2022, 12, 0, 12),
(1181, 4718, ',Herrería de Obra	 ', 128, 8, 2022, 49, 2, 51),
(1182, 4718, ',Armador y Montador de Componentes Metálicos Livianos	 ', 128, 8, 2022, 17, 2, 19),
(1183, 4720, ',Técnico en Producción Agropecuaria	 ', 32, 3, 2022, 115, 93, 208),
(1184, 4720, ',Primer Ciclo	 ', 16, 5, 2022, 126, 67, 193),
(1185, 4716, ',Técnico Superior en Comunicación Social y Desarrollo Local	 ', 64, 42, 2022, 30, 62, 92),
(1186, 4716, ',Técnico Superior en Gestión y Administración	 ', 64, 1, 2022, 87, 157, 244),
(1187, 4716, ',Técnico Superior en Gestión Sociocultural	 ', 64, 42, 2022, 0, 3, 3),
(1188, 4716, ',Técnico Superior en Bibliotecología	 ', 64, 42, 2022, 0, 4, 4),
(1189, 4716, ',Técnico Superior en Administración de Recursos Humanos / Analista	 ', 64, 1, 2022, 76, 124, 200),
(1190, 4716, ',Técnico Superior en Mantenimiento Industrial	 ', 64, 6, 2022, 9, 2, 11),
(1191, 4716, ',Técnico Superior en Enfermería	 ', 64, 30, 2022, 107, 137, 244),
(1192, 4716, ',Técnico Superior en Diseño Gráfico	 ', 64, 10, 2022, 49, 63, 112),
(1193, 4716, ',Técnico Superior en Administración / Gestión de Pymes	 ', 64, 1, 2022, 1, 0, 1),
(1194, 4716, ',Técnico Superior en Enfermería	 ', 64, 30, 2022, 106, 239, 345),
(1195, 4716, ',Técnico Superior en Administración / Gestión Hotelera	 ', 64, 34, 2022, 3, 4, 7),
(1196, 4716, ',Técnico Superior en Mantenimiento Industrial	 ', 64, 6, 2022, 50, 23, 73),
(1197, 4716, ',Técnico Superior en Gestión Sociocultural	 ', 64, 42, 2022, 16, 27, 43),
(1198, 4716, ',Técnico Superior en Gestión y Administración	 ', 64, 1, 2022, 55, 49, 104);

-- --------------------------------------------------------

--
-- Estructura de tabla para la tabla `sectores`
--

CREATE TABLE `sectores` (
  `Id` int(11) NOT NULL,
  `Descripcion` varchar(100) DEFAULT NULL
) ENGINE=InnoDB DEFAULT CHARSET=utf8mb4 COLLATE=utf8mb4_general_ci;

--
-- Volcado de datos para la tabla `sectores`
--

INSERT INTO `sectores` (`Id`, `Descripcion`) VALUES
(1, '	Administración'),
(2, '	Aeronáutica'),
(3, '	Agropecuario'),
(4, '	Automotriz'),
(5, '	Técnico'),
(6, '	Electromecánica'),
(7, '	Energia Eléctrica'),
(8, '	Construcción'),
(9, '	Cuero y Calzado'),
(10, '	Industria Gráfica y Multimedial'),
(11, '	Electrónica'),
(12, '	Energía'),
(14, '	Idioma'),
(15, '	Industria de la Alimentación'),
(16, '	Informática'),
(17, '	Madera y Mueble'),
(18, '	Mecánica, Metalmecánica y Metalurgia'),
(19, '	Minería e Hidrocarburos'),
(20, '	Naval'),
(24, '	Seguridad, Ambiente e Higiene'),
(25, '	Estética Profesional'),
(27, '	Turismo'),
(30, '	Salud'),
(31, '	Industria de Procesos'),
(34, '	Hotelería y Gastronomía'),
(37, '	Actividades Artísticas Técnicas'),
(39, '	Otros'),
(40, '	Textil e Indumentaria'),
(42, '	Cultura y Comunicación'),
(43, '	Desarrollo Humano'),
(99, '	No Técnico');

--
-- Índices para tablas volcadas
--

--
-- Indices de la tabla `contactos`
--
ALTER TABLE `contactos`
  ADD KEY `instit_id` (`instit_id`);

--
-- Indices de la tabla `direcciones`
--
ALTER TABLE `direcciones`
  ADD KEY `instit_id` (`instit_id`),
  ADD KEY `jurisdiccion_id` (`jurisdiccion_id`);

--
-- Indices de la tabla `estado_etp`
--
ALTER TABLE `estado_etp`
  ADD PRIMARY KEY (`Id`);

--
-- Indices de la tabla `gestiones`
--
ALTER TABLE `gestiones`
  ADD PRIMARY KEY (`Id`);

--
-- Indices de la tabla `instituciones`
--
ALTER TABLE `instituciones`
  ADD PRIMARY KEY (`Instit_Id`) USING BTREE,
  ADD KEY `Gestion_Id` (`Gestion_Id`);

--
-- Indices de la tabla `jurisdicciones`
--
ALTER TABLE `jurisdicciones`
  ADD PRIMARY KEY (`Id`);

--
-- Indices de la tabla `ofertas`
--
ALTER TABLE `ofertas`
  ADD PRIMARY KEY (`Id`);

--
-- Indices de la tabla `planes_estudio`
--
ALTER TABLE `planes_estudio`
  ADD PRIMARY KEY (`plan_Id`),
  ADD KEY `Plan_Id` (`plan_Id`),
  ADD KEY `oferta_id` (`oferta_id`),
  ADD KEY `sector_id` (`sector_id`);

--
-- Indices de la tabla `sectores`
--
ALTER TABLE `sectores`
  ADD PRIMARY KEY (`Id`);

--
-- AUTO_INCREMENT de las tablas volcadas
--

--
-- AUTO_INCREMENT de la tabla `instituciones`
--
ALTER TABLE `instituciones`
  MODIFY `Instit_Id` int(11) NOT NULL AUTO_INCREMENT, AUTO_INCREMENT=4721;

--
-- AUTO_INCREMENT de la tabla `planes_estudio`
--
ALTER TABLE `planes_estudio`
  MODIFY `plan_Id` int(11) NOT NULL AUTO_INCREMENT, AUTO_INCREMENT=1199;

--
-- Restricciones para tablas volcadas
--

--
-- Filtros para la tabla `contactos`
--
ALTER TABLE `contactos`
  ADD CONSTRAINT `contactos_ibfk_1` FOREIGN KEY (`instit_id`) REFERENCES `instituciones` (`Instit_Id`);

--
-- Filtros para la tabla `direcciones`
--
ALTER TABLE `direcciones`
  ADD CONSTRAINT `direcciones_ibfk_1` FOREIGN KEY (`instit_id`) REFERENCES `instituciones` (`Instit_Id`),
  ADD CONSTRAINT `direcciones_ibfk_2` FOREIGN KEY (`jurisdiccion_id`) REFERENCES `jurisdicciones` (`Id`);

--
-- Filtros para la tabla `instituciones`
--
ALTER TABLE `instituciones`
  ADD CONSTRAINT `instituciones_ibfk_1` FOREIGN KEY (`Gestion_Id`) REFERENCES `gestiones` (`Id`);

--
-- Filtros para la tabla `planes_estudio`
--
ALTER TABLE `planes_estudio`
  ADD CONSTRAINT `planes_estudio_ibfk_1` FOREIGN KEY (`oferta_id`) REFERENCES `ofertas` (`Id`),
  ADD CONSTRAINT `planes_estudio_ibfk_2` FOREIGN KEY (`sector_id`) REFERENCES `sectores` (`Id`);
COMMIT;

/*!40101 SET CHARACTER_SET_CLIENT=@OLD_CHARACTER_SET_CLIENT */;
/*!40101 SET CHARACTER_SET_RESULTS=@OLD_CHARACTER_SET_RESULTS */;
/*!40101 SET COLLATION_CONNECTION=@OLD_COLLATION_CONNECTION */;
